지역,umdNm,aptNm,buildYear,addr,excluUseAr,floor,dealYear,dealMonth,dealDay,dealAmount_만원,dealAmount_억
서울 종로구,무악동,현대,2000,통일로,60.0,6,2026,1,26,112900,11.29
서울 종로구,무악동,현대,2000,통일로,60.0,9,2026,2,7,116990,11.7
서울 종로구,무악동,현대,2000,통일로,60.0,14,2026,6,27,117980,11.8
서울 종로구,숭인동,종로센트레빌,2008,동망산길,59.92,6,2026,7,27,110000,11.0
서울 중구,신당동,남산타운,2002,다산로,59.94,1,2026,1,29,138500,13.85
서울 중구,신당동,남산타운,2002,다산로,59.94,12,2026,1,11,149500,14.95
서울 중구,신당동,신당푸르지오,2005,다산로36길,59.85,8,2026,1,30,140000,14.0
서울 중구,신당동,남산타운,2002,다산로,59.94,2,2026,1,28,150000,15.0
서울 중구,신당동,삼성,1999,청구로1길,59.97,2,2026,1,27,140000,14.0
서울 중구,신당동,남산타운,2002,다산로,59.94,12,2026,1,2,149000,14.9
서울 중구,신당동,삼성,1999,청구로1길,59.97,11,2026,1,23,144000,14.4
서울 중구,중림동,삼성사이버빌리지,2001,중림로,59.7,15,2026,1,11,150000,15.0
서울 중구,신당동,한진해모로,2001,왕십리로39길,59.76,10,2026,1,6,110000,11.0
서울 중구,신당동,남산타운,2002,다산로,59.94,9,2026,1,15,149500,14.95
서울 중구,신당동,삼성,1999,청구로1길,59.97,9,2026,1,15,134500,13.45
서울 중구,신당동,래미안하이베르,2011,퇴계로90길,59.95,13,2026,1,13,149500,14.95
서울 중구,중림동,삼성사이버빌리지,2001,중림로,59.7,17,2026,2,21,150000,15.0
서울 중구,신당동,남산타운,2002,다산로,59.94,18,2026,2,14,149500,14.95
서울 중구,신당동,남산타운,2002,다산로,59.94,17,2026,2,12,149000,14.9
서울 중구,신당동,남산타운,2002,다산로,59.94,5,2026,2,12,148000,14.8
서울 중구,신당동,삼성,1999,청구로1길,59.98,5,2026,2,11,143000,14.3
서울 중구,입정동,힐스테이트세운센트럴2단지,2023,을지로15길,59.9851,11,2026,3,28,138500,13.85
서울 중구,신당동,남산타운,2002,다산로,59.94,13,2026,3,28,148000,14.8
서울 중구,신당동,삼성,1999,청구로1길,59.98,5,2026,3,25,147000,14.7
서울 중구,중림동,삼성사이버빌리지,2001,중림로,59.7,18,2026,3,25,149990,15.0
서울 중구,신당동,삼성,1999,청구로1길,59.98,21,2026,3,22,147000,14.7
서울 중구,신당동,래미안하이베르,2011,퇴계로90길,59.74,8,2026,3,23,142000,14.2
서울 중구,중림동,삼성사이버빌리지,2001,중림로,59.7,2,2026,3,8,149300,14.93
서울 중구,신당동,남산타운,2002,다산로,59.94,5,2026,3,10,150000,15.0
서울 중구,신당동,남산타운,2002,다산로,59.94,10,2026,4,22,149700,14.97
서울 중구,신당동,남산타운,2002,다산로,59.94,7,2026,4,22,145000,14.5
서울 중구,신당동,삼성,1999,청구로1길,59.98,9,2026,4,30,149000,14.9
서울 중구,신당동,신당푸르지오,2005,다산로36길,59.85,3,2026,4,25,145000,14.5
서울 중구,만리동2가,서울역센트럴자이,2017,만리재로,59.943,17,2026,4,10,145000,14.5
서울 중구,신당동,남산타운,2002,다산로,59.94,14,2026,4,7,146000,14.6
서울 중구,신당동,남산타운,2002,다산로,59.94,15,2026,4,11,146000,14.6
서울 중구,신당동,삼성,1999,청구로1길,59.98,13,2026,4,3,148500,14.85
서울 중구,입정동,힐스테이트세운센트럴1단지,2023,을지로15길,59.7076,22,2026,5,30,146500,14.65
서울 중구,신당동,삼성,1999,청구로1길,59.98,8,2026,5,27,150000,15.0
서울 중구,신당동,한진해모로,2001,왕십리로39길,59.76,9,2026,5,23,120000,12.0
서울 중구,신당동,삼성,1999,청구로1길,59.98,14,2026,5,20,149500,14.95
서울 중구,신당동,한진해모로,2001,왕십리로39길,59.76,3,2026,5,9,122000,12.2
서울 중구,신당동,한진해모로,2001,왕십리로39길,59.76,7,2026,5,16,117500,11.75
서울 중구,신당동,남산타운,2002,다산로,59.94,2,2026,5,16,150000,15.0
서울 중구,신당동,남산타운,2002,다산로,59.94,2,2026,5,12,147000,14.7
서울 중구,신당동,남산타운,2002,다산로,59.94,11,2026,5,15,150000,15.0
서울 중구,신당동,한진해모로,2001,왕십리로39길,59.76,1,2026,5,8,116500,11.65
서울 중구,신당동,남산타운,2002,다산로,59.94,8,2026,5,7,150000,15.0
서울 중구,신당동,남산타운,2002,다산로,59.94,5,2026,5,7,148500,14.85
서울 중구,신당동,삼성,1999,청구로1길,59.97,12,2026,6,29,149900,14.99
서울 중구,신당동,삼성,1999,청구로1길,59.98,11,2026,6,27,150000,15.0
서울 중구,신당동,남산타운,2002,다산로,59.94,1,2026,6,25,145500,14.55
서울 중구,입정동,힐스테이트세운센트럴1단지,2023,을지로15길,59.6641,19,2026,6,5,148000,14.8
서울 중구,신당동,남산타운,2002,다산로,59.94,2,2026,6,5,145000,14.5
서울 중구,신당동,남산타운,2002,다산로,59.94,11,2026,6,2,150000,15.0
서울 중구,신당동,남산타운,2002,다산로,59.94,1,2026,7,9,150000,15.0
서울 용산구,산천동,한강타운,2001,새창로8길,59.69,4,2026,1,30,118000,11.8
서울 용산구,산천동,한강타운,2001,새창로8길,59.69,1,2026,1,13,114500,11.45
서울 용산구,산천동,한강타운,2001,새창로8길,59.69,8,2026,1,13,117000,11.7
서울 용산구,산천동,리버힐삼성,2001,효창원로,59.55,1,2026,1,12,139300,13.93
서울 용산구,원효로4가,강변삼성스위트,1999,원효로,59.94,2,2026,1,5,139300,13.93
서울 용산구,원효로1가,용산더프라임,2014,원효로90길,59.557,4,2026,1,2,140000,14.0
서울 용산구,산천동,한강타운,2001,새창로8길,59.69,1,2026,2,13,125000,12.5
서울 용산구,산천동,한강타운,2001,새창로8길,59.69,14,2026,2,7,129500,12.95
서울 용산구,한남동,시범,1970,독서당로34길,59.5,4,2026,3,20,125000,12.5
서울 용산구,도원동,삼성래미안,2001,새창로,59.94,3,2026,3,23,150000,15.0
서울 용산구,한남동,시범,1970,독서당로34길,59.5,5,2026,3,14,123700,12.37
서울 용산구,한남동,시범,1970,독서당로34길,59.5,1,2026,3,7,115500,11.55
서울 용산구,한남동,리버탑,2001,독서당로6길,59.57,8,2026,4,10,130000,13.0
서울 용산구,원효로4가,강변삼성스위트,1999,원효로,59.94,5,2026,4,28,110000,11.0
서울 용산구,용문동,브라운스톤,2011,효창원로,59.94,6,2026,4,24,150000,15.0
서울 용산구,한남동,리버탑,2001,독서당로6길,59.57,3,2026,4,21,135000,13.5
서울 용산구,이촌동,강변,1971,이촌로,59.44,4,2026,4,17,145000,14.5
서울 용산구,산천동,리버힐삼성,2001,효창원로,59.55,16,2026,4,17,120000,12.0
서울 용산구,원효로4가,강변삼성스위트,1999,원효로,59.94,1,2026,4,10,137000,13.7
서울 용산구,산천동,리버힐삼성,2001,효창원로,59.55,10,2026,4,10,150000,15.0
서울 용산구,효창동,세양청마루,2006,백범로,59.28,4,2026,5,11,120000,12.0
서울 용산구,한남동,시범,1970,독서당로34길,59.5,4,2026,5,4,113000,11.3
서울 용산구,산천동,리버힐삼성,2001,효창원로,59.55,14,2026,5,6,145500,14.55
서울 용산구,이촌동,이촌시범,1970,이촌로14길,59.5,5,2026,6,26,126000,12.6
서울 용산구,산천동,리버힐삼성,2001,효창원로,59.55,15,2026,6,26,130000,13.0
서울 용산구,효창동,효창파크푸르지오,2010,백범로,59.41,18,2026,6,2,143000,14.3
서울 용산구,산천동,한강타운,2001,새창로8길,59.69,6,2026,7,11,137000,13.7
서울 용산구,산천동,리버힐삼성,2001,효창원로,59.55,3,2026,7,10,150000,15.0
서울 성동구,금호동4가,서울숲르씨엘,2023,독서당로46길,59.5075,12,2026,1,7,139000,13.9
서울 성동구,성수동1가,동아그린,1999,상원길,58.32,6,2026,1,27,149500,14.95
서울 성동구,금호동4가,서울숲르씨엘,2023,독서당로46길,59.5075,11,2026,1,21,137000,13.7
서울 성동구,성수동2가,금호타운2차아파트,1997,연무장길,59.94,6,2026,1,26,130000,13.0
서울 성동구,응봉동,신동아,1996,독서당로,59.97,6,2026,1,13,110000,11.0
서울 성동구,응봉동,신동아,1996,독서당로,59.97,5,2026,1,20,123800,12.38
서울 성동구,응봉동,신동아,1996,독서당로,59.97,8,2026,1,19,125000,12.5
서울 성동구,응봉동,신동아,1996,독서당로,59.97,10,2026,1,17,130000,13.0
서울 성동구,마장동,대성유니드,2004,마장로37길,59.7,10,2026,1,16,122000,12.2
서울 성동구,마장동,현대,1998,살곶이길,59.91,28,2026,1,15,123500,12.35
서울 성동구,금호동1가,벽산,2001,금호로,59.9,6,2026,1,14,148000,14.8
서울 성동구,마장동,현대,1998,살곶이길,59.94,9,2026,1,12,119000,11.9
서울 성동구,성수동1가,동아그린,1999,상원길,58.32,1,2026,1,10,120000,12.0
서울 성동구,성수동2가,성수우방2차아파트,1999,성수일로10길,59.82,11,2026,1,10,114000,11.4
서울 성동구,마장동,현대,1998,살곶이길,59.94,6,2026,1,9,113500,11.35
서울 성동구,행당동,대림e-편한세상,2000,행당로,59.96,9,2026,1,8,150000,15.0
서울 성동구,응봉동,신동아,1996,독서당로,59.97,8,2026,1,2,122000,12.2
서울 성동구,응봉동,신동아,1996,독서당로,59.97,7,2026,2,5,130000,13.0
서울 성동구,마장동,현대,1998,살곶이길,59.91,26,2026,2,28,128500,12.85
서울 성동구,마장동,현대,1998,살곶이길,59.94,1,2026,2,11,112000,11.2
서울 성동구,하왕십리동,극동미라주,2001,난계로,59.4,4,2026,2,10,127500,12.75
서울 성동구,행당동,신동아,1995,독서당로,59.97,1,2026,2,12,123500,12.35
서울 성동구,금호동3가,두산,1994,동호로,59.97,6,2026,2,19,149500,14.95
서울 성동구,금호동3가,금호한신,2005,금호산길,59.99,4,2026,2,20,147000,14.7
서울 성동구,마장동,현대,1998,살곶이길,59.94,14,2026,2,19,129000,12.9
서울 성동구,행당동,두산,1997,고산자로14길,59.94,6,2026,2,12,120000,12.0
서울 성동구,응봉동,대림(2차),1989,독서당로,59.91,8,2026,2,7,146500,14.65
서울 성동구,하왕십리동,극동미라주,2001,난계로,59.4,21,2026,2,6,133000,13.3
서울 성동구,마장동,현대,1998,살곶이길,59.91,12,2026,2,5,125000,12.5
서울 성동구,금호동4가,서울숲르씨엘,2023,독서당로46길,59.5075,9,2026,3,21,145000,14.5
서울 성동구,행당동,신동아,1995,독서당로,59.97,11,2026,3,13,140000,14.0
서울 성동구,하왕십리동,왕십리KCC스위첸,2016,무학봉길,59.851,2,2026,3,28,149000,14.9
서울 성동구,마장동,현대,1998,살곶이길,59.94,23,2026,3,27,134500,13.45
서울 성동구,하왕십리동,금호베스트빌,2001,난계로,59.79,13,2026,3,28,129500,12.95
서울 성동구,성수동1가,동아그린,1999,상원길,58.32,1,2026,3,26,122000,12.2
서울 성동구,행당동,대림e-편한세상,2000,행당로,59.96,1,2026,3,21,149500,14.95
서울 성동구,성수동1가,동아그린,1999,상원길,58.32,2,2026,3,14,147000,14.7
서울 성동구,성수동1가,동아그린,1999,상원길,58.32,17,2026,4,20,145000,14.5
서울 성동구,금호동4가,서울숲르씨엘,2023,독서당로46길,59.5075,7,2026,4,30,142000,14.2
서울 성동구,금호동3가,금호한신,2005,금호산길,59.99,4,2026,4,28,150000,15.0
서울 성동구,응봉동,신동아,1996,독서당로,59.97,3,2026,4,11,120000,12.0
서울 성동구,하왕십리동,극동미라주,2001,난계로,59.4,3,2026,4,27,128000,12.8
서울 성동구,성수동2가,성수우방2차아파트,1999,성수일로10길,59.82,9,2026,4,24,120000,12.0
서울 성동구,마장동,왕십리삼성아파트,1996,마장로,59.76,7,2026,4,20,140000,14.0
서울 성동구,하왕십리동,금호베스트빌,2001,난계로,59.79,12,2026,4,20,124000,12.4
서울 성동구,마장동,신성미소지움,2004,마장로39길,59.96,5,2026,4,13,123000,12.3
서울 성동구,성수동2가,신성미소지움,2001,뚝섬로13길,59.4,1,2026,4,13,110000,11.0
서울 성동구,마장동,현대,1998,살곶이길,59.94,12,2026,4,11,128000,12.8
서울 성동구,행당동,신동아,1995,독서당로,59.97,4,2026,4,10,134000,13.4
서울 성동구,마장동,현대,1998,살곶이길,59.94,16,2026,4,8,127000,12.7
서울 성동구,응봉동,신동아,1996,독서당로,59.97,9,2026,4,7,133000,13.3
서울 성동구,하왕십리동,극동미라주,2001,난계로,59.4,10,2026,4,5,129000,12.9
서울 성동구,응봉동,신동아,1996,독서당로,59.97,9,2026,4,5,133000,13.3
서울 성동구,성수동1가,동아그린,1999,상원길,58.32,12,2026,4,3,135000,13.5
서울 성동구,하왕십리동,금호베스트빌,2001,난계로,59.79,1,2026,4,2,115500,11.55
서울 성동구,마장동,왕십리삼성아파트,1996,마장로,59.76,18,2026,5,15,138500,13.85
서울 성동구,금호동4가,서울숲르씨엘,2023,독서당로46길,59.5075,10,2026,5,23,148000,14.8
서울 성동구,옥수동,극동그린,1997,독서당로,59.9,4,2026,5,30,142000,14.2
서울 성동구,행당동,서울숲 한신 더 휴,2003,고산자로,59.91,2,2026,5,27,140000,14.0
서울 성동구,옥수동,극동그린,1997,독서당로,59.9,6,2026,5,29,146500,14.65
서울 성동구,응봉동,서울숲리버그린동아아파트,2003,고산자로4길,59.98,4,2026,5,26,150000,15.0
서울 성동구,금호동4가,서울숲르씨엘,2023,독서당로46길,59.5075,13,2026,5,27,143000,14.3
서울 성동구,응봉동,신동아,1996,독서당로,59.97,3,2026,5,23,132000,13.2
서울 성동구,마장동,현대,1998,살곶이길,59.91,10,2026,5,22,134200,13.42
서울 성동구,성수동1가,우방,1997,상원길,60.0,11,2026,5,21,137000,13.7
서울 성동구,성수동1가,동아그린,1999,상원길,58.32,8,2026,5,22,150000,15.0
서울 성동구,마장동,마장동중앙하이츠,1999,마장로,60.0,8,2026,5,16,122500,12.25
서울 성동구,응봉동,신동아,1996,독서당로,59.97,10,2026,5,16,132000,13.2
서울 성동구,마장동,신성미소지움,2004,마장로39길,59.96,4,2026,5,15,123500,12.35
서울 성동구,금호동4가,서울숲르씨엘,2023,독서당로46길,59.5075,9,2026,5,8,139000,13.9
서울 성동구,행당동,신동아,1995,독서당로,59.97,3,2026,5,7,130000,13.0
서울 성동구,성수동2가,성수우방2차아파트,1999,성수일로10길,59.82,9,2026,5,5,120000,12.0
서울 성동구,하왕십리동,왕십리풍림아이원,2004,난계로,59.936,10,2026,5,3,149800,14.98
서울 성동구,하왕십리동,왕십리풍림아이원,2004,난계로,59.936,16,2026,5,2,147500,14.75
서울 성동구,마장동,현대,1998,살곶이길,59.94,3,2026,5,1,122800,12.28
서울 성동구,행당동,신동아,1995,독서당로,59.97,2,2026,5,1,136000,13.6
서울 성동구,하왕십리동,왕십리풍림아이원,2004,난계로,59.936,7,2026,6,19,142000,14.2
서울 성동구,금호동1가,신금호두산위브,2006,행당로,59.92,7,2026,6,29,140000,14.0
서울 성동구,마장동,대성유니드,2004,마장로37길,59.7,13,2026,6,27,137000,13.7
서울 성동구,마장동,왕십리삼성아파트,1996,마장로,59.76,18,2026,6,24,140000,14.0
서울 성동구,하왕십리동,왕십리풍림아이원,2004,난계로,59.936,13,2026,6,17,149500,14.95
서울 성동구,마장동,마장동중앙하이츠,1999,마장로,60.0,6,2026,6,11,119000,11.9
서울 성동구,마장동,현대,1998,살곶이길,59.91,22,2026,6,13,126500,12.65
서울 성동구,하왕십리동,왕십리풍림아이원,2004,난계로,59.936,3,2026,6,11,148500,14.85
서울 성동구,마장동,현대,1998,살곶이길,59.94,11,2026,6,9,130000,13.0
서울 성동구,마장동,왕십리삼성아파트,1996,마장로,59.76,7,2026,6,5,144000,14.4
서울 성동구,행당동,두산,1997,고산자로14길,59.94,10,2026,7,2,130000,13.0
서울 성동구,성수동1가,동아그린,1999,상원길,58.32,4,2026,7,18,146000,14.6
서울 성동구,마장동,왕십리삼성아파트,1996,마장로,59.76,4,2026,7,17,143500,14.35
서울 성동구,행당동,신동아,1995,독서당로,59.97,9,2026,7,11,146500,14.65
서울 성동구,마장동,왕십리금호어울림,2006,마조로,59.97,15,2026,7,9,115000,11.5
서울 성동구,행당동,신동아,1995,독서당로,59.97,11,2026,7,1,145000,14.5
서울 성동구,응봉동,신동아,1996,독서당로,59.97,14,2026,7,4,135000,13.5
서울 광진구,광장동,현대5,1989,아차산로70길,59.67,10,2026,1,19,133000,13.3
서울 광진구,자양동,자양현대6,1999,자양번영로3길,59.98,4,2026,1,14,144000,14.4
서울 광진구,자양동,자양현대6,1999,자양번영로3길,59.98,3,2026,1,9,135000,13.5
서울 광진구,자양동,한라아파트,1996,뚝섬로33길,59.96,1,2026,2,21,137000,13.7
서울 광진구,구의동,성동강변파크빌101(강변타워),2001,구의강변로5길,59.92,10,2026,2,13,115000,11.5
서울 광진구,자양동,우성1,1988,뚝섬로,59.91,1,2026,2,9,148000,14.8
서울 광진구,자양동,자양현대5,1998,뚝섬로54길,59.72,9,2026,2,4,146000,14.6
서울 광진구,자양동,우성1,1988,뚝섬로,59.91,3,2026,2,9,148000,14.8
서울 광진구,자양동,자양현대6,1999,자양번영로3길,59.98,2,2026,3,21,130500,13.05
서울 광진구,구의동,구의현대7단지현대홈타운,1997,구의강변로3가길,59.97,6,2026,3,23,130000,13.0
서울 광진구,구의동,성동강변파크빌101(강변타워),2001,구의강변로5길,59.1,15,2026,3,27,117000,11.7
서울 광진구,자양동,한라아파트,1996,뚝섬로33길,59.96,3,2026,3,28,130000,13.0
서울 광진구,자양동,대동,1999,뚝섬로31길,59.54,7,2026,3,28,137000,13.7
서울 광진구,구의동,구의현대7단지현대홈타운,1997,구의강변로3가길,59.97,6,2026,4,2,131000,13.1
서울 광진구,자양동,우성1,1988,뚝섬로,59.91,12,2026,4,12,149500,14.95
서울 광진구,구의동,구의현대7단지현대홈타운,1997,구의강변로3가길,59.97,10,2026,4,29,134000,13.4
서울 광진구,자양동,우성1,1988,뚝섬로,59.91,7,2026,4,28,147000,14.7
서울 광진구,구의동,구의현대7단지현대홈타운,1997,구의강변로3가길,59.97,11,2026,4,22,136000,13.6
서울 광진구,자양동,로얄동아,1999,뚝섬로52마길,59.91,15,2026,4,28,132500,13.25
서울 광진구,자양동,우성1,1988,뚝섬로,59.91,7,2026,4,27,148500,14.85
서울 광진구,광장동,청구,1996,아차산로,59.95,2,2026,4,25,150000,15.0
서울 광진구,자양동,자양삼성,1999,뚝섬로40길,59.76,10,2026,4,24,149000,14.9
서울 광진구,광장동,현대3,1990,아차산로70길,59.67,18,2026,4,13,130100,13.01
서울 광진구,자양동,자양현대5,1998,뚝섬로54길,59.88,3,2026,4,18,115000,11.5
서울 광진구,자양동,자양삼성,1999,뚝섬로40길,59.76,4,2026,4,9,149000,14.9
서울 광진구,광장동,청구,1996,아차산로,59.95,3,2026,5,23,150000,15.0
서울 광진구,광장동,삼성광장2,1989,아차산로,58.62,5,2026,5,28,141000,14.1
서울 광진구,자양동,대동,1999,뚝섬로31길,59.54,12,2026,5,21,137500,13.75
서울 광진구,자양동,우방리버파크,2003,능동로4길,59.87,1,2026,5,20,130000,13.0
서울 광진구,자양동,한라아파트,1996,뚝섬로33길,59.96,10,2026,5,21,140000,14.0
서울 광진구,자양동,자양현대6,1999,자양번영로3길,59.98,8,2026,5,19,145000,14.5
서울 광진구,자양동,경남,1999,뚝섬로52길,59.96,18,2026,5,9,125000,12.5
서울 광진구,자양동,경남,1999,뚝섬로52길,59.96,17,2026,5,9,137500,13.75
서울 광진구,자양동,대동,1999,뚝섬로31길,59.54,11,2026,5,7,136000,13.6
서울 광진구,자양동,대동,1999,뚝섬로31길,59.54,4,2026,5,6,131000,13.1
서울 광진구,구의동,구의현대7단지현대홈타운,1997,구의강변로3가길,59.97,12,2026,6,27,138000,13.8
서울 광진구,자양동,경남,1999,뚝섬로52길,59.96,10,2026,6,24,130000,13.0
서울 광진구,구의동,성동강변파크빌101(강변타워),2001,구의강변로5길,59.92,11,2026,6,22,125000,12.5
서울 광진구,자양동,우성1,1988,뚝섬로,59.91,1,2026,6,20,148000,14.8
서울 광진구,화양동,화양현대,1999,동일로24길,59.97,4,2026,6,10,115000,11.5
서울 광진구,구의동,현대프라임,1997,광나루로56길,59.82,16,2026,7,23,129000,12.9
서울 광진구,자양동,대동,1999,뚝섬로31길,59.54,5,2026,7,24,148000,14.8
서울 광진구,자양동,현대3,1996,뚝섬로58길,59.97,11,2026,7,3,131500,13.15
서울 광진구,자양동,대동,1999,뚝섬로31길,59.54,3,2026,7,4,134000,13.4
서울 광진구,자양동,우성1,1988,뚝섬로,59.91,5,2026,7,15,149000,14.9
서울 광진구,자양동,대동,1999,뚝섬로31길,59.54,7,2026,7,10,140000,14.0
서울 광진구,구의동,구의현대7단지현대홈타운,1997,구의강변로3가길,59.97,19,2026,7,9,142500,14.25
서울 동대문구,답십리동,답십리파크자이,2019,답십리로56길,59.91,11,2026,1,23,146500,14.65
서울 동대문구,용두동,래미안엘리니티,2022,한빛로,59.96,8,2026,1,30,150000,15.0
서울 동대문구,용두동,청량리역해링턴플레이스,2023,고산자로34길,59.9755,12,2026,1,10,134500,13.45
서울 동대문구,용두동,청량리역해링턴플레이스,2023,고산자로34길,59.9755,12,2026,1,23,130000,13.0
서울 동대문구,답십리동,청계한신휴플러스,2010,서울시립대로,59.74,6,2026,1,26,135000,13.5
서울 동대문구,용두동,이편한세상청계센트럴포레,2021,무학로,59.96,1,2026,1,24,145000,14.5
서울 동대문구,용두동,래미안엘리니티,2022,한빛로,59.96,11,2026,1,10,149000,14.9
서울 동대문구,답십리동,청계한신휴플러스,2010,서울시립대로,59.74,7,2026,1,10,131000,13.1
서울 동대문구,답십리동,래미안위브,2014,답십리로,59.99,2,2026,1,8,147000,14.7
서울 동대문구,휘경동,휘경SK뷰,2019,휘경로,59.65,14,2026,2,8,135000,13.5
서울 동대문구,답십리동,두산위브,2007,황물로15길,59.91,12,2026,2,28,125000,12.5
서울 동대문구,용두동,래미안엘리니티,2022,한빛로,59.96,16,2026,2,10,140000,14.0
서울 동대문구,답십리동,힐스테이트청계,2018,천호대로55길,59.94,16,2026,2,27,145000,14.5
서울 동대문구,용두동,래미안 허브리츠,2011,정릉천동로,59.98,14,2026,2,26,150000,15.0
서울 동대문구,답십리동,래미안미드카운티,2019,답십리로,59.98,7,2026,2,19,150000,15.0
서울 동대문구,휘경동,휘경SK뷰,2019,휘경로,59.39,6,2026,2,19,126000,12.6
서울 동대문구,전농동,래미안아름숲,2012,전농로16길,59.9,2,2026,2,6,114000,11.4
서울 동대문구,용두동,용두두산위브,2009,정릉천동로,59.99,9,2026,3,28,127000,12.7
서울 동대문구,답십리동,힐스테이트청계,2018,천호대로55길,59.86,16,2026,3,27,149000,14.9
서울 동대문구,답십리동,래미안위브,2014,답십리로,59.99,4,2026,3,26,145000,14.5
서울 동대문구,용두동,이편한세상청계센트럴포레,2021,무학로,59.96,19,2026,3,23,147000,14.7
서울 동대문구,답십리동,두산위브,2007,황물로15길,59.91,5,2026,3,21,128000,12.8
서울 동대문구,답십리동,두산위브,2007,황물로15길,59.91,11,2026,3,19,138000,13.8
서울 동대문구,답십리동,청계한신휴플러스,2010,서울시립대로,59.74,6,2026,3,18,139500,13.95
서울 동대문구,답십리동,답십리파크자이,2019,답십리로56길,59.91,13,2026,3,9,149800,14.98
서울 동대문구,전농동,동대문롯데캐슬노블레스,2018,답십리로23길,59.98,16,2026,4,30,150000,15.0
서울 동대문구,답십리동,청계한신휴플러스,2010,서울시립대로,59.74,13,2026,4,30,140000,14.0
서울 동대문구,휘경동,휘경SK뷰,2019,휘경로,59.39,22,2026,4,18,136000,13.6
서울 동대문구,답십리동,청계한신휴플러스,2010,서울시립대로,59.74,20,2026,4,22,138000,13.8
서울 동대문구,전농동,래미안크레시티,2014,사가정로,59.99,5,2026,4,29,145500,14.55
서울 동대문구,전농동,전농SK,2000,사가정로,59.96,8,2026,4,18,112300,11.23
서울 동대문구,이문동,래미안이문2차,2004,이문로12길,59.79,16,2026,4,26,114000,11.4
서울 동대문구,답십리동,청계한신휴플러스,2010,서울시립대로,59.74,7,2026,4,11,136000,13.6
서울 동대문구,장안동,장안힐스테이트,2007,장안벚꽃로1길,59.885,20,2026,4,24,111000,11.1
서울 동대문구,휘경동,휘경SK뷰,2019,휘경로,59.39,16,2026,4,23,135500,13.55
서울 동대문구,전농동,전농SK,2000,사가정로,59.96,19,2026,4,17,112000,11.2
서울 동대문구,용두동,래미안 허브리츠,2011,정릉천동로,59.98,10,2026,4,18,145000,14.5
서울 동대문구,장안동,래미안장안,2003,장한로14길,59.86,8,2026,4,19,113000,11.3
서울 동대문구,전농동,동대문롯데캐슬노블레스,2018,답십리로23길,59.98,19,2026,4,18,149000,14.9
서울 동대문구,답십리동,두산위브,2007,황물로15길,59.91,13,2026,4,16,134000,13.4
서울 동대문구,용두동,래미안 허브리츠,2011,정릉천동로,59.96,6,2026,4,14,143000,14.3
서울 동대문구,답십리동,래미안미드카운티,2019,답십리로,59.98,10,2026,4,13,142500,14.25
서울 동대문구,휘경동,휘경SK뷰,2019,휘경로,59.39,8,2026,4,11,135500,13.55
서울 동대문구,답십리동,청계한신휴플러스,2010,서울시립대로,59.74,15,2026,4,12,131000,13.1
서울 동대문구,장안동,장안힐스테이트,2007,장안벚꽃로1길,59.885,21,2026,4,10,113500,11.35
서울 동대문구,용두동,래미안엘리니티,2022,한빛로,59.96,7,2026,4,10,150000,15.0
서울 동대문구,답십리동,청계한신휴플러스,2010,서울시립대로,59.74,9,2026,4,9,140000,14.0
서울 동대문구,답십리동,답십리파크자이,2019,답십리로56길,59.91,5,2026,4,4,148000,14.8
서울 동대문구,답십리동,래미안미드카운티,2019,답십리로,59.98,5,2026,4,3,146500,14.65
서울 동대문구,답십리동,e편한세상답십리아르테포레,2025,전농로4나길,59.9533,10,2026,5,25,116000,11.6
서울 동대문구,전농동,전농SK,2000,사가정로,59.96,20,2026,5,30,116000,11.6
서울 동대문구,장안동,장안힐스테이트,2007,장안벚꽃로1길,59.885,12,2026,5,29,110500,11.05
서울 동대문구,전농동,전농SK,2000,사가정로,59.96,16,2026,5,26,110000,11.0
서울 동대문구,용두동,래미안엘리니티,2022,한빛로,59.96,9,2026,5,14,149900,14.99
서울 동대문구,답십리동,답십리파크자이,2019,답십리로56길,59.91,3,2026,5,25,138000,13.8
서울 동대문구,답십리동,래미안미드카운티,2019,답십리로,59.98,1,2026,5,25,146000,14.6
서울 동대문구,전농동,래미안아름숲,2012,전농로16길,59.91,9,2026,5,25,118000,11.8
서울 동대문구,휘경동,휘경해모로프레스티지,2021,외대역동로1길,59.77,13,2026,5,23,110000,11.0
서울 동대문구,답십리동,힐스테이트청계,2018,천호대로55길,59.94,19,2026,5,23,149000,14.9
서울 동대문구,휘경동,휘경자이디센시아,2025,외대역동로,59.93,15,2026,5,2,150000,15.0
서울 동대문구,용두동,래미안엘리니티,2022,한빛로,59.96,16,2026,5,9,140000,14.0
서울 동대문구,휘경동,휘경SK뷰,2019,휘경로,59.39,21,2026,5,13,140000,14.0
서울 동대문구,휘경동,휘경SK뷰,2019,휘경로,59.39,16,2026,5,1,135000,13.5
서울 동대문구,휘경동,휘경SK뷰,2019,휘경로,59.39,8,2026,5,6,138000,13.8
서울 동대문구,답십리동,두산위브,2007,황물로15길,59.91,2,2026,5,2,123500,12.35
서울 동대문구,답십리동,청계한신휴플러스,2010,서울시립대로,59.74,16,2026,5,1,149000,14.9
서울 동대문구,전농동,래미안아름숲,2012,전농로16길,59.91,6,2026,5,1,118000,11.8
서울 동대문구,장안동,장안현대홈타운(336),2003,장안벚꽃로,59.54,27,2026,6,29,121000,12.1
서울 동대문구,용두동,용두두산위브,2009,정릉천동로,59.99,15,2026,6,30,137000,13.7
서울 동대문구,휘경동,휘경SK뷰,2019,휘경로,59.39,12,2026,6,19,142000,14.2
서울 동대문구,용두동,용두두산위브,2009,정릉천동로,59.99,12,2026,6,29,139200,13.92
서울 동대문구,답십리동,두산위브,2007,황물로15길,59.91,6,2026,6,18,139000,13.9
서울 동대문구,장안동,장안힐스테이트,2007,장안벚꽃로1길,59.885,8,2026,6,17,116000,11.6
서울 동대문구,답십리동,청계한신휴플러스,2010,서울시립대로,59.74,21,2026,6,14,143000,14.3
서울 동대문구,답십리동,답십리대우,2002,답십리로41길,59.76,7,2026,6,15,118000,11.8
서울 동대문구,장안동,래미안장안,2003,장한로14길,59.86,18,2026,6,11,117500,11.75
서울 동대문구,장안동,래미안장안,2003,장한로14길,59.86,11,2026,7,31,121500,12.15
서울 동대문구,휘경동,휘경해모로프레스티지,2021,외대역동로1길,59.82,15,2026,7,29,119000,11.9
서울 동대문구,답십리동,두산위브,2007,황물로15길,59.91,13,2026,7,25,130000,13.0
서울 동대문구,전농동,전농SK,2000,사가정로,59.96,10,2026,7,25,116500,11.65
서울 동대문구,답십리동,두산위브,2007,황물로15길,59.91,3,2026,7,22,130000,13.0
서울 동대문구,휘경동,휘경SK뷰,2019,휘경로,59.39,11,2026,7,8,137000,13.7
서울 동대문구,장안동,장안힐스테이트,2007,장안벚꽃로1길,59.885,5,2026,7,21,117000,11.7
서울 동대문구,전농동,래미안크레시티,2014,사가정로,59.99,3,2026,7,19,147500,14.75
서울 동대문구,답십리동,답십리대우,2002,답십리로41길,59.76,15,2026,7,11,118000,11.8
서울 동대문구,제기동,한신아파트,2004,고산자로,59.84,15,2026,7,10,112000,11.2
서울 동대문구,답십리동,두산위브,2007,황물로15길,59.91,10,2026,7,11,140000,14.0
서울 동대문구,전농동,래미안아름숲,2012,전농로16길,59.9,7,2026,7,5,124000,12.4
서울 동대문구,이문동,래미안이문2차,2004,이문로12길,59.79,10,2026,7,2,113500,11.35
서울 동대문구,장안동,장안힐스테이트,2007,장안벚꽃로1길,59.885,8,2026,7,1,113000,11.3
서울 동대문구,전농동,전농SK,2000,사가정로,59.34,19,2026,8,1,112000,11.2
서울 동대문구,제기동,한신아파트,2004,고산자로,59.84,20,2026,8,1,111700,11.17
서울 중랑구,면목동,사가정센트럴아이파크,2020,동일로92길,59.92,14,2026,1,23,118700,11.87
서울 중랑구,면목동,사가정센트럴아이파크,2020,동일로92길,59.78,5,2026,2,5,120000,12.0
서울 중랑구,면목동,사가정센트럴아이파크,2020,동일로92길,59.78,24,2026,2,25,125000,12.5
서울 중랑구,중화동,리버센SKVIEW롯데캐슬,2025,중랑천로,59.99,19,2026,4,10,124500,12.45
서울 중랑구,면목동,사가정센트럴아이파크,2020,동일로92길,59.78,27,2026,4,25,126000,12.6
서울 중랑구,중화동,리버센SKVIEW롯데캐슬,2025,중랑천로,59.99,27,2026,4,29,127000,12.7
서울 중랑구,면목동,사가정센트럴아이파크,2020,동일로92길,59.78,24,2026,4,8,123000,12.3
서울 중랑구,면목동,사가정센트럴아이파크,2020,동일로92길,59.78,20,2026,4,3,130000,13.0
서울 중랑구,면목동,사가정센트럴아이파크,2020,동일로92길,59.92,28,2026,6,30,130000,13.0
서울 중랑구,면목동,라온프라이빗,2020,동일로91길,59.9855,18,2026,6,29,110000,11.0
서울 중랑구,면목동,사가정센트럴아이파크,2020,동일로92길,59.78,7,2026,6,27,130000,13.0
서울 중랑구,면목동,사가정센트럴아이파크,2020,동일로92길,59.78,4,2026,7,24,128500,12.85
서울 중랑구,면목동,사가정센트럴아이파크,2020,동일로92길,59.78,12,2026,7,8,134000,13.4
서울 중랑구,면목동,사가정센트럴아이파크,2020,동일로92길,59.92,11,2026,7,6,135000,13.5
서울 노원구,월계동,삼호3,1986,마들로,59.22,9,2026,2,10,110000,11.0
서울 노원구,월계동,삼호3,1986,마들로,59.22,3,2026,6,26,111000,11.1
서울 노원구,월계동,삼호3,1986,마들로,59.22,3,2026,7,15,119000,11.9
서울 노원구,월계동,삼호3,1986,마들로,59.22,2,2026,7,10,110000,11.0
서울 노원구,월계동,삼호3,1986,마들로,59.22,13,2026,7,3,117000,11.7
서울 은평구,수색동,DMC파인시티자이,2025,은평터널로,59.98,20,2026,1,28,133610,13.36
서울 은평구,응암동,힐스테이트녹번역,2022,은평로,59.99,1,2026,1,30,120000,12.0
서울 은평구,응암동,녹번역e편한세상캐슬,2021,은평로,59.96,17,2026,1,31,128000,12.8
서울 은평구,응암동,힐스테이트녹번역,2022,은평로,59.99,19,2026,1,30,130000,13.0
서울 은평구,증산동,DMC센트럴자이(2단지),2023,수색로,59.67,6,2026,1,30,149000,14.9
서울 은평구,증산동,DMC센트럴자이(2단지),2023,수색로,59.67,1,2026,1,28,134500,13.45
서울 은평구,응암동,힐스테이트녹번역,2022,은평로,59.99,10,2026,1,24,128000,12.8
서울 은평구,수색동,DMC파인시티자이,2025,은평터널로,59.64,6,2026,1,27,125500,12.55
서울 은평구,응암동,녹번역e편한세상캐슬,2021,은평로,59.96,16,2026,1,27,129300,12.93
서울 은평구,녹번동,래미안베라힐즈,2019,통일로,59.99,18,2026,1,12,111500,11.15
서울 은평구,증산동,DMC센트럴자이(2단지),2023,수색로,59.97,11,2026,1,23,147000,14.7
서울 은평구,수색동,DMCSKVIEW,2023,수색로,59.9865,10,2026,1,17,135000,13.5
서울 은평구,녹번동,래미안베라힐즈,2019,통일로,59.98,6,2026,1,17,115000,11.5
서울 은평구,수색동,DMC롯데캐슬더퍼스트,2021,수색로,59.96,13,2026,1,17,110000,11.0
서울 은평구,수색동,DMCSK뷰아이파크포레,2025,수색로,59.96,17,2026,1,17,110900,11.09
서울 은평구,증산동,DMC센트럴자이(2단지),2023,수색로,59.97,13,2026,1,3,143000,14.3
서울 은평구,응암동,힐스테이트녹번역,2022,은평로,59.99,15,2026,1,6,125000,12.5
서울 은평구,수색동,DMCSKVIEW,2023,수색로,59.9865,7,2026,1,5,134500,13.45
서울 은평구,응암동,녹번역e편한세상캐슬,2021,은평로,59.97,7,2026,1,5,129000,12.9
서울 은평구,녹번동,래미안베라힐즈,2019,통일로,59.99,19,2026,1,3,113000,11.3
서울 은평구,수색동,DMC파인시티자이,2025,은평터널로,59.98,11,2026,2,3,125000,12.5
서울 은평구,응암동,녹번역e편한세상캐슬,2021,은평로,59.96,6,2026,2,28,132000,13.2
서울 은평구,수색동,DMC파인시티자이,2025,은평터널로,59.98,11,2026,2,28,130000,13.0
서울 은평구,응암동,녹번역e편한세상캐슬,2021,은평로,59.97,1,2026,2,28,118000,11.8
서울 은평구,수색동,DMCSK뷰아이파크포레,2025,수색로,59.96,13,2026,2,27,113000,11.3
서울 은평구,녹번동,북한산푸르지오,2015,통일로,59.99,12,2026,2,26,110000,11.0
서울 은평구,녹번동,힐스테이트녹번,2019,통일로,59.938,10,2026,2,26,127000,12.7
서울 은평구,응암동,힐스테이트녹번역,2022,은평로,59.99,14,2026,2,6,130000,13.0
서울 은평구,녹번동,북한산푸르지오,2015,통일로,59.99,6,2026,2,25,110000,11.0
서울 은평구,응암동,힐스테이트녹번역,2022,은평로,59.99,7,2026,2,9,130000,13.0
서울 은평구,증산동,DMC센트럴자이(2단지),2023,수색로,59.97,22,2026,2,7,149500,14.95
서울 은평구,녹번동,힐스테이트녹번,2019,통일로,59.938,10,2026,2,21,124000,12.4
서울 은평구,녹번동,래미안베라힐즈,2019,통일로,59.98,10,2026,2,11,120000,12.0
서울 은평구,녹번동,래미안베라힐즈,2019,통일로,59.98,14,2026,2,5,120000,12.0
서울 은평구,녹번동,래미안베라힐즈,2019,통일로,59.92,14,2026,2,6,117000,11.7
서울 은평구,응암동,녹번역e편한세상캐슬,2021,은평로,59.97,5,2026,2,7,125000,12.5
서울 은평구,수색동,DMCSK뷰아이파크포레,2025,수색로,59.96,8,2026,2,4,112000,11.2
서울 은평구,녹번동,래미안베라힐즈,2019,통일로,59.98,4,2026,3,27,119500,11.95
서울 은평구,녹번동,힐스테이트녹번,2019,통일로,59.938,11,2026,3,27,127000,12.7
서울 은평구,응암동,녹번역e편한세상캐슬,2021,은평로,59.94,11,2026,3,22,127000,12.7
서울 은평구,녹번동,힐스테이트녹번,2019,통일로,59.938,7,2026,3,28,125000,12.5
서울 은평구,증산동,DMC센트럴자이(2단지),2023,수색로,59.67,12,2026,3,27,149000,14.9
서울 은평구,응암동,힐스테이트녹번역,2022,은평로,59.99,11,2026,3,23,130000,13.0
서울 은평구,수색동,DMC롯데캐슬더퍼스트,2021,수색로,59.96,10,2026,3,21,116500,11.65
서울 은평구,수색동,DMCSK뷰아이파크포레,2025,수색로,59.96,10,2026,3,21,110000,11.0
서울 은평구,녹번동,힐스테이트녹번,2019,통일로,59.938,7,2026,3,21,122000,12.2
서울 은평구,녹번동,힐스테이트녹번,2019,통일로,59.938,3,2026,3,21,116000,11.6
서울 은평구,응암동,힐스테이트녹번역,2022,은평로,59.99,1,2026,3,21,119500,11.95
서울 은평구,수색동,DMC롯데캐슬더퍼스트,2021,수색로,59.96,4,2026,3,16,118000,11.8
서울 은평구,증산동,DMC센트럴자이(2단지),2023,수색로,59.97,6,2026,3,14,147900,14.79
서울 은평구,응암동,녹번역e편한세상캐슬,2021,은평로,59.96,4,2026,3,12,128000,12.8
서울 은평구,응암동,녹번역e편한세상캐슬,2021,은평로,59.97,3,2026,3,10,124000,12.4
서울 은평구,응암동,녹번역e편한세상캐슬,2021,은평로,59.96,12,2026,3,4,133000,13.3
서울 은평구,응암동,녹번역e편한세상캐슬,2021,은평로,59.96,7,2026,4,28,124000,12.4
서울 은평구,수색동,DMC롯데캐슬더퍼스트,2021,수색로,59.96,16,2026,4,21,110500,11.05
서울 은평구,증산동,DMC센트럴자이(2단지),2023,수색로,59.97,1,2026,4,20,139000,13.9
서울 은평구,응암동,녹번역e편한세상캐슬,2021,은평로,59.94,3,2026,4,18,123500,12.35
서울 은평구,녹번동,래미안베라힐즈,2019,통일로,59.98,8,2026,4,24,124000,12.4
서울 은평구,응암동,녹번역e편한세상캐슬,2021,은평로,59.94,8,2026,4,28,123000,12.3
서울 은평구,수색동,DMC파인시티자이,2025,은평터널로,59.98,10,2026,4,17,130000,13.0
서울 은평구,응암동,녹번역e편한세상캐슬,2021,은평로,59.97,6,2026,4,28,135000,13.5
서울 은평구,응암동,녹번역e편한세상캐슬,2021,은평로,59.96,4,2026,4,23,126000,12.6
서울 은평구,녹번동,힐스테이트녹번,2019,통일로,59.938,12,2026,4,27,121500,12.15
서울 은평구,증산동,DMC센트럴자이(2단지),2023,수색로,59.67,8,2026,4,24,150000,15.0
서울 은평구,수색동,DMCSKVIEW,2023,수색로,59.9865,7,2026,4,25,135000,13.5
서울 은평구,녹번동,래미안베라힐즈,2019,통일로,59.98,2,2026,4,24,116000,11.6
서울 은평구,수색동,DMC롯데캐슬더퍼스트,2021,수색로,59.96,15,2026,4,23,118700,11.87
서울 은평구,응암동,녹번역e편한세상캐슬,2021,은평로,59.96,11,2026,4,17,128000,12.8
서울 은평구,수색동,DMC파인시티자이,2025,은평터널로,59.98,13,2026,4,22,130000,13.0
서울 은평구,응암동,녹번역e편한세상캐슬,2021,은평로,59.96,9,2026,4,14,128200,12.82
서울 은평구,응암동,녹번역e편한세상캐슬,2021,은평로,59.96,6,2026,4,14,131000,13.1
서울 은평구,수색동,DMC롯데캐슬더퍼스트,2021,수색로,59.96,13,2026,4,21,119000,11.9
서울 은평구,응암동,녹번역e편한세상캐슬,2021,은평로,59.96,9,2026,4,18,119500,11.95
서울 은평구,수색동,DMC롯데캐슬더퍼스트,2021,수색로,59.96,2,2026,4,18,110000,11.0
서울 은평구,수색동,DMC파인시티자이,2025,은평터널로,59.97,7,2026,4,18,127000,12.7
서울 은평구,증산동,DMC센트럴자이(2단지),2023,수색로,59.97,10,2026,4,10,150000,15.0
서울 은평구,응암동,녹번역e편한세상캐슬,2021,은평로,59.96,9,2026,4,12,128000,12.8
서울 은평구,증산동,DMC센트럴자이(2단지),2023,수색로,59.67,12,2026,4,7,150000,15.0
서울 은평구,녹번동,힐스테이트녹번,2019,통일로,59.938,6,2026,4,4,124000,12.4
서울 은평구,녹번동,래미안베라힐즈,2019,통일로,59.98,12,2026,4,4,120000,12.0
서울 은평구,응암동,녹번역e편한세상캐슬,2021,은평로,59.97,4,2026,4,4,128500,12.85
서울 은평구,녹번동,힐스테이트녹번,2019,통일로,59.938,18,2026,4,1,125000,12.5
서울 은평구,응암동,녹번역e편한세상캐슬,2021,은평로,59.96,14,2026,4,1,131000,13.1
서울 은평구,응암동,녹번역e편한세상캐슬,2021,은평로,59.96,8,2026,5,29,122500,12.25
서울 은평구,수색동,DMC롯데캐슬더퍼스트,2021,수색로,59.96,14,2026,5,1,115500,11.55
서울 은평구,녹번동,래미안베라힐즈,2019,통일로,59.98,2,2026,5,29,114000,11.4
서울 은평구,수색동,DMC롯데캐슬더퍼스트,2021,수색로,59.96,5,2026,5,28,118000,11.8
서울 은평구,녹번동,북한산푸르지오,2015,통일로,59.99,16,2026,5,30,113500,11.35
서울 은평구,수색동,DMC롯데캐슬더퍼스트,2021,수색로,59.96,4,2026,5,29,114000,11.4
서울 은평구,수색동,DMC파인시티자이,2025,은평터널로,59.98,6,2026,5,16,124500,12.45
서울 은평구,응암동,녹번역e편한세상캐슬,2021,은평로,59.97,21,2026,5,21,134000,13.4
서울 은평구,수색동,DMC롯데캐슬더퍼스트,2021,수색로,59.96,13,2026,5,29,117000,11.7
서울 은평구,응암동,녹번역e편한세상캐슬,2021,은평로,59.96,3,2026,5,29,132800,13.28
서울 은평구,수색동,DMC롯데캐슬더퍼스트,2021,수색로,59.96,15,2026,5,29,113500,11.35
서울 은평구,증산동,DMC센트럴자이(2단지),2023,수색로,59.97,18,2026,5,28,150000,15.0
서울 은평구,증산동,DMC센트럴자이(2단지),2023,수색로,59.67,2,2026,5,27,141000,14.1
서울 은평구,수색동,DMCSK뷰아이파크포레,2025,수색로,59.96,5,2026,5,28,118000,11.8
서울 은평구,응암동,녹번역e편한세상캐슬,2021,은평로,59.97,13,2026,5,5,131000,13.1
서울 은평구,수색동,DMC롯데캐슬더퍼스트,2021,수색로,59.96,12,2026,5,26,115500,11.55
서울 은평구,응암동,녹번역e편한세상캐슬,2021,은평로,59.97,7,2026,5,23,129000,12.9
서울 은평구,응암동,녹번역e편한세상캐슬,2021,은평로,59.94,10,2026,5,23,127000,12.7
서울 은평구,수색동,DMC롯데캐슬더퍼스트,2021,수색로,59.96,12,2026,5,16,110000,11.0
서울 은평구,수색동,DMC롯데캐슬더퍼스트,2021,수색로,59.96,5,2026,5,14,117500,11.75
서울 은평구,수색동,DMCSKVIEW,2023,수색로,59.9865,11,2026,5,23,136000,13.6
서울 은평구,응암동,녹번역e편한세상캐슬,2021,은평로,59.96,10,2026,5,21,127000,12.7
서울 은평구,수색동,DMC롯데캐슬더퍼스트,2021,수색로,59.96,8,2026,5,19,113000,11.3
서울 은평구,수색동,DMC파인시티자이,2025,은평터널로,59.98,11,2026,5,9,119000,11.9
서울 은평구,수색동,DMC롯데캐슬더퍼스트,2021,수색로,59.96,10,2026,5,13,115000,11.5
서울 은평구,수색동,DMC파인시티자이,2025,은평터널로,59.98,1,2026,5,12,120000,12.0
서울 은평구,수색동,DMC롯데캐슬더퍼스트,2021,수색로,59.96,15,2026,5,9,117000,11.7
서울 은평구,수색동,DMC롯데캐슬더퍼스트,2021,수색로,59.96,16,2026,5,7,120000,12.0
서울 은평구,수색동,DMC롯데캐슬더퍼스트,2021,수색로,59.96,10,2026,5,8,110000,11.0
서울 은평구,녹번동,힐스테이트녹번,2019,통일로,59.938,14,2026,5,8,124500,12.45
서울 은평구,녹번동,힐스테이트녹번,2019,통일로,59.9,8,2026,5,7,125000,12.5
서울 은평구,수색동,DMC롯데캐슬더퍼스트,2021,수색로,59.96,7,2026,5,6,111000,11.1
서울 은평구,응암동,녹번역e편한세상캐슬,2021,은평로,59.94,6,2026,5,6,122000,12.2
서울 은평구,녹번동,래미안베라힐즈,2019,통일로,59.94,10,2026,5,6,114500,11.45
서울 은평구,녹번동,힐스테이트녹번,2019,통일로,59.9,12,2026,5,3,124000,12.4
서울 은평구,증산동,DMC센트럴자이(2단지),2023,수색로,59.97,4,2026,5,3,144000,14.4
서울 은평구,수색동,DMC롯데캐슬더퍼스트,2021,수색로,59.96,17,2026,5,2,114900,11.49
서울 은평구,수색동,DMCSK뷰아이파크포레,2025,수색로,59.96,1,2026,5,2,110000,11.0
서울 은평구,녹번동,래미안베라힐즈,2019,통일로,59.98,9,2026,5,1,124000,12.4
서울 은평구,응암동,녹번역e편한세상캐슬,2021,은평로,59.97,11,2026,6,20,135000,13.5
서울 은평구,응암동,녹번역e편한세상캐슬,2021,은평로,59.97,19,2026,6,16,132000,13.2
서울 은평구,녹번동,래미안베라힐즈,2019,통일로,59.99,15,2026,6,29,130000,13.0
서울 은평구,녹번동,래미안베라힐즈,2019,통일로,59.98,16,2026,6,29,127000,12.7
서울 은평구,수색동,DMC롯데캐슬더퍼스트,2021,수색로,59.96,7,2026,6,27,116000,11.6
서울 은평구,수색동,DMC롯데캐슬더퍼스트,2021,수색로,59.96,2,2026,6,27,115500,11.55
서울 은평구,수색동,DMCSK뷰아이파크포레,2025,수색로,59.96,13,2026,6,23,124000,12.4
서울 은평구,응암동,녹번역e편한세상캐슬,2021,은평로,59.96,18,2026,6,20,126000,12.6
서울 은평구,녹번동,힐스테이트녹번,2019,통일로,59.938,2,2026,6,20,127000,12.7
서울 은평구,수색동,DMC롯데캐슬더퍼스트,2021,수색로,59.96,9,2026,6,13,119900,11.99
서울 은평구,수색동,DMC롯데캐슬더퍼스트,2021,수색로,59.96,7,2026,6,12,114500,11.45
서울 은평구,수색동,DMC롯데캐슬더퍼스트,2021,수색로,59.96,15,2026,6,8,122000,12.2
서울 은평구,응암동,녹번역e편한세상캐슬,2021,은평로,59.97,13,2026,6,5,132000,13.2
서울 은평구,응암동,녹번역e편한세상캐슬,2021,은평로,59.96,12,2026,6,1,132000,13.2
서울 은평구,수색동,DMC아트포레자이,2026,은평터널로,59.9,5,2026,7,13,128000,12.8
서울 은평구,응암동,녹번역e편한세상캐슬,2021,은평로,59.96,9,2026,7,10,122000,12.2
서울 은평구,응암동,녹번역e편한세상캐슬,2021,은평로,59.96,9,2026,7,25,128000,12.8
서울 은평구,녹번동,힐스테이트녹번,2019,통일로,59.938,6,2026,7,17,123500,12.35
서울 은평구,수색동,DMCSK뷰아이파크포레,2025,수색로,59.96,8,2026,7,7,120000,12.0
서울 은평구,녹번동,래미안베라힐즈,2019,통일로,59.98,14,2026,7,13,128000,12.8
서울 은평구,응암동,녹번역e편한세상캐슬,2021,은평로,59.96,12,2026,7,11,140000,14.0
서울 은평구,응암동,녹번역e편한세상캐슬,2021,은평로,59.96,9,2026,7,11,122000,12.2
서울 은평구,녹번동,힐스테이트녹번,2019,통일로,59.938,12,2026,7,4,130000,13.0
서울 은평구,응암동,녹번역e편한세상캐슬,2021,은평로,59.96,11,2026,7,4,140000,14.0
서울 은평구,응암동,녹번역e편한세상캐슬,2021,은평로,59.96,4,2026,7,4,127000,12.7
서울 은평구,수색동,DMCSK뷰아이파크포레,2025,수색로,59.96,12,2026,7,3,122500,12.25
서울 은평구,수색동,DMC파인시티자이,2025,은평터널로,59.98,5,2026,7,2,128500,12.85
서울 서대문구,남가좌동,래미안루센티아,2020,거북골로,59.98,10,2026,1,31,132000,13.2
서울 서대문구,남가좌동,DMC에코자이,2019,거북골로,59.79,12,2026,1,31,122500,12.25
서울 서대문구,홍제동,서대문푸르지오센트럴파크,2023,통일로,59.94,11,2026,1,28,150000,15.0
서울 서대문구,홍제동,홍제센트럴IPARK,2020,통일로,59.9837,1,2026,1,23,124000,12.4
서울 서대문구,남가좌동,DMC센트럴아이파크,2018,증가로,59.91,4,2026,1,21,117000,11.7
서울 서대문구,남가좌동,DMC파크뷰자이4단지,2015,가재울미래로,59.981,5,2026,1,10,130000,13.0
서울 서대문구,북아현동,두산,1999,이화여대8길,59.96,15,2026,1,19,135000,13.5
서울 서대문구,북아현동,두산,1999,이화여대8길,59.96,6,2026,1,16,129000,12.9
서울 서대문구,남가좌동,DMC에코자이,2019,거북골로,59.79,9,2026,1,16,124000,12.4
서울 서대문구,현저동,독립문극동(200-0),1998,독립문공원길,59.58,9,2026,1,17,116000,11.6
서울 서대문구,냉천동,돈의문센트레빌,2011,독립문로14길,59.98,8,2026,1,16,146000,14.6
서울 서대문구,남가좌동,래미안남가좌2차,2005,수색로6길,59.788,11,2026,1,16,118000,11.8
서울 서대문구,홍제동,홍제역해링턴플레이스,2024,세무서8길,59.96,6,2026,1,15,130000,13.0
서울 서대문구,남가좌동,DMC에코자이,2019,거북골로,59.79,4,2026,1,15,120000,12.0
서울 서대문구,남가좌동,래미안남가좌2차,2005,수색로6길,59.788,2,2026,1,15,111500,11.15
서울 서대문구,홍제동,서대문푸르지오센트럴파크,2023,통일로,59.94,9,2026,1,15,149500,14.95
서울 서대문구,남가좌동,DMC에코자이,2019,거북골로,59.656,2,2026,1,14,118000,11.8
서울 서대문구,남가좌동,래미안남가좌2차,2005,수색로6길,59.788,14,2026,1,14,115700,11.57
서울 서대문구,남가좌동,DMC파크뷰자이3단지,2015,가재울미래로,59.981,16,2026,1,12,128500,12.85
서울 서대문구,남가좌동,래미안루센티아,2020,거북골로,59.98,2,2026,1,12,125000,12.5
서울 서대문구,북아현동,두산,1999,이화여대8길,59.96,8,2026,1,7,130000,13.0
서울 서대문구,남가좌동,DMC파크뷰자이3단지,2015,가재울미래로,59.981,14,2026,1,6,127000,12.7
서울 서대문구,홍은동,e편한세상서대문,2023,통일로,59.991,13,2026,1,4,114000,11.4
서울 서대문구,현저동,독립문극동(200-0),1998,독립문공원길,59.58,13,2026,2,28,129000,12.9
서울 서대문구,홍제동,홍제센트럴IPARK,2020,통일로,59.9728,6,2026,2,28,130000,13.0
서울 서대문구,남가좌동,DMC센트럴아이파크,2018,증가로,59.91,7,2026,2,27,119000,11.9
서울 서대문구,남가좌동,래미안남가좌2차,2005,수색로6길,59.788,6,2026,2,13,119900,11.99
서울 서대문구,북아현동,두산,1999,이화여대8길,59.96,15,2026,2,22,133000,13.3
서울 서대문구,홍제동,홍제역해링턴플레이스,2024,세무서8길,59.99,4,2026,2,20,137000,13.7
서울 서대문구,남가좌동,래미안루센티아,2020,거북골로,59.98,8,2026,2,13,127000,12.7
서울 서대문구,홍은동,북한산더샵,2017,통일로,59.899,5,2026,2,13,111000,11.1
서울 서대문구,남가좌동,DMC에코자이,2019,거북골로,59.79,13,2026,2,10,128000,12.8
서울 서대문구,북아현동,두산,1999,이화여대8길,59.96,11,2026,2,6,120000,12.0
서울 서대문구,남가좌동,DMC에코자이,2019,거북골로,59.79,13,2026,2,9,130000,13.0
서울 서대문구,남가좌동,DMC에코자이,2019,거북골로,59.79,6,2026,2,9,127100,12.71
서울 서대문구,남가좌동,DMC금호리첸시아,2024,수색로2길,59.8295,29,2026,2,9,130000,13.0
서울 서대문구,북아현동,두산,1999,이화여대8길,59.96,2,2026,2,7,128000,12.8
서울 서대문구,남가좌동,DMC에코자이,2019,거북골로,59.79,20,2026,2,7,130000,13.0
서울 서대문구,홍제동,홍제역해링턴플레이스,2024,세무서8길,59.99,11,2026,2,7,137000,13.7
서울 서대문구,남가좌동,래미안루센티아,2020,거북골로,59.98,16,2026,2,6,131500,13.15
서울 서대문구,남가좌동,DMC센트럴아이파크,2018,증가로,59.99,13,2026,2,5,119000,11.9
서울 서대문구,현저동,독립문극동(200-0),1998,독립문공원길,59.58,5,2026,2,5,119500,11.95
서울 서대문구,남가좌동,DMC센트럴아이파크,2018,증가로,59.91,4,2026,2,5,117000,11.7
서울 서대문구,남가좌동,DMC파크뷰자이3단지,2015,가재울미래로,59.981,9,2026,2,2,129875,12.99
서울 서대문구,북아현동,두산,1999,이화여대8길,59.96,8,2026,3,7,140500,14.05
서울 서대문구,홍은동,북한산더샵,2017,통일로,59.899,6,2026,3,16,115000,11.5
서울 서대문구,홍제동,서대문푸르지오센트럴파크,2023,통일로,59.98,14,2026,3,27,143000,14.3
서울 서대문구,홍제동,홍제센트럴IPARK,2020,통일로,59.9837,5,2026,3,14,120000,12.0
서울 서대문구,대현동,신촌럭키,1999,이화여대길,59.7,1,2026,3,31,115000,11.5
서울 서대문구,북아현동,두산,1999,이화여대8길,59.96,3,2026,3,31,125000,12.5
서울 서대문구,대현동,신촌럭키,1999,이화여대길,59.7,9,2026,3,29,125000,12.5
서울 서대문구,홍제동,서대문푸르지오센트럴파크,2023,통일로,59.94,2,2026,3,28,146500,14.65
서울 서대문구,홍제동,홍제역해링턴플레이스,2024,세무서8길,59.93,12,2026,3,28,140000,14.0
서울 서대문구,홍은동,e편한세상서대문,2023,통일로,59.991,21,2026,3,28,119000,11.9
서울 서대문구,홍제동,홍제역해링턴플레이스,2024,세무서8길,59.99,10,2026,3,28,139000,13.9
서울 서대문구,북아현동,두산,1999,이화여대8길,59.96,7,2026,3,25,140000,14.0
서울 서대문구,남가좌동,DMC에코자이,2019,거북골로,59.79,6,2026,3,25,132000,13.2
서울 서대문구,홍은동,e편한세상서대문,2023,통일로,59.986,6,2026,3,21,119700,11.97
서울 서대문구,북아현동,두산,1999,이화여대8길,59.96,6,2026,3,18,125000,12.5
서울 서대문구,남가좌동,DMC파크뷰자이5단지,2015,가재울미래로,59.981,5,2026,3,13,121000,12.1
서울 서대문구,홍제동,서대문푸르지오센트럴파크,2023,통일로,59.98,6,2026,3,16,147000,14.7
서울 서대문구,남가좌동,래미안남가좌2차,2005,수색로6길,59.788,3,2026,3,16,116000,11.6
서울 서대문구,홍제동,서대문푸르지오센트럴파크,2023,통일로,59.94,6,2026,3,14,150000,15.0
서울 서대문구,남가좌동,래미안루센티아,2020,거북골로,59.98,4,2026,3,11,125000,12.5
서울 서대문구,남가좌동,래미안남가좌2차,2005,수색로6길,59.788,14,2026,3,6,125000,12.5
서울 서대문구,현저동,독립문극동(200-0),1998,독립문공원길,59.58,12,2026,3,6,129000,12.9
서울 서대문구,남가좌동,DMC에코자이,2019,거북골로,59.79,5,2026,4,14,131000,13.1
서울 서대문구,북아현동,e편한세상신촌3단지,2018,북아현로,59.97,2,2026,4,29,133100,13.31
서울 서대문구,남가좌동,DMC금호리첸시아,2024,수색로2길,59.8295,26,2026,4,30,125000,12.5
서울 서대문구,북아현동,두산,1999,이화여대8길,59.96,16,2026,4,30,129000,12.9
서울 서대문구,북아현동,두산,1999,이화여대8길,59.96,7,2026,4,27,139500,13.95
서울 서대문구,현저동,독립문극동(200-0),1998,독립문공원길,59.58,14,2026,4,25,125000,12.5
서울 서대문구,북가좌동,DMC래미안e편한세상,2012,수색로,59.97,3,2026,4,17,135000,13.5
서울 서대문구,북가좌동,DMC래미안e편한세상,2012,수색로,59.97,9,2026,4,22,138000,13.8
서울 서대문구,남가좌동,DMC센트럴아이파크,2018,증가로,59.91,8,2026,4,21,123800,12.38
서울 서대문구,남가좌동,DMC금호리첸시아,2024,수색로2길,59.8295,18,2026,4,18,120000,12.0
서울 서대문구,남가좌동,DMC에코자이,2019,거북골로,59.79,4,2026,4,17,131000,13.1
서울 서대문구,홍제동,홍제역해링턴플레이스,2024,세무서8길,59.99,7,2026,4,19,139000,13.9
서울 서대문구,남가좌동,DMC에코자이,2019,거북골로,59.79,2,2026,4,19,130000,13.0
서울 서대문구,북아현동,두산,1999,이화여대8길,59.96,2,2026,4,17,135300,13.53
서울 서대문구,대현동,신촌럭키,1999,이화여대길,59.7,5,2026,4,17,120000,12.0
서울 서대문구,홍제동,서대문푸르지오센트럴파크,2023,통일로,59.94,4,2026,4,16,149000,14.9
서울 서대문구,남가좌동,DMC에코자이,2019,거북골로,59.79,7,2026,4,16,132500,13.25
서울 서대문구,대현동,신촌럭키,1999,이화여대길,59.7,12,2026,4,15,130000,13.0
서울 서대문구,홍제동,서대문푸르지오센트럴파크,2023,통일로,59.94,8,2026,4,15,147000,14.7
서울 서대문구,홍제동,홍제역해링턴플레이스,2024,세무서8길,59.96,16,2026,4,11,143000,14.3
서울 서대문구,남가좌동,DMC센트럴아이파크,2018,증가로,59.8,12,2026,4,11,119500,11.95
서울 서대문구,북아현동,두산,1999,이화여대8길,59.96,1,2026,4,10,116500,11.65
서울 서대문구,남가좌동,래미안루센티아,2020,거북골로,59.98,10,2026,4,9,130000,13.0
서울 서대문구,대현동,신촌럭키,1999,이화여대길,59.7,13,2026,4,3,120000,12.0
서울 서대문구,남가좌동,DMC파크뷰자이1단지,2015,가재울미래로,59.981,13,2026,4,3,142000,14.2
서울 서대문구,남가좌동,DMC금호리첸시아,2024,수색로2길,59.8295,20,2026,5,12,130000,13.0
서울 서대문구,남가좌동,DMC센트레빌,2009,거북골로,59.95,9,2026,5,28,118000,11.8
서울 서대문구,홍은동,e편한세상서대문,2023,통일로,59.986,25,2026,5,31,119500,11.95
서울 서대문구,대현동,신촌럭키,1999,이화여대길,59.7,13,2026,5,29,125000,12.5
서울 서대문구,북가좌동,DMC래미안e편한세상,2012,수색로,59.97,12,2026,5,29,133000,13.3
서울 서대문구,남가좌동,DMC파크뷰자이5단지,2015,가재울미래로,59.981,8,2026,5,29,130000,13.0
서울 서대문구,대현동,신촌럭키,1999,이화여대길,59.7,11,2026,5,29,125000,12.5
서울 서대문구,남가좌동,DMC파크뷰자이2단지,2015,가재울미래로,59.981,4,2026,5,26,141000,14.1
서울 서대문구,현저동,독립문극동(200-0),1998,독립문공원길,59.58,13,2026,5,25,138600,13.86
서울 서대문구,남가좌동,DMC금호리첸시아,2024,수색로2길,59.8295,18,2026,5,23,128000,12.8
서울 서대문구,남가좌동,DMC파크뷰자이2단지,2015,가재울미래로,59.981,12,2026,5,23,145500,14.55
서울 서대문구,북가좌동,DMC래미안e편한세상,2012,수색로,59.97,9,2026,5,22,140000,14.0
서울 서대문구,남가좌동,DMC센트레빌,2009,거북골로,59.95,5,2026,5,21,110000,11.0
서울 서대문구,북아현동,두산,1999,이화여대8길,59.96,8,2026,5,17,129000,12.9
서울 서대문구,홍제동,홍제원현대(459-0),2000,통일로34길,59.93,3,2026,5,19,110000,11.0
서울 서대문구,홍제동,홍제역해링턴플레이스,2024,세무서8길,59.93,6,2026,5,15,138000,13.8
서울 서대문구,남가좌동,DMC에코자이,2019,거북골로,59.79,2,2026,5,16,131000,13.1
서울 서대문구,홍제동,홍제역해링턴플레이스,2024,세무서8길,59.99,7,2026,5,15,140000,14.0
서울 서대문구,대현동,신촌럭키,1999,이화여대길,59.7,14,2026,5,14,124000,12.4
서울 서대문구,홍제동,서대문푸르지오센트럴파크,2023,통일로,59.94,9,2026,5,9,149000,14.9
서울 서대문구,남가좌동,DMC센트럴아이파크,2018,증가로,59.91,13,2026,5,12,115000,11.5
서울 서대문구,대현동,신촌럭키,1999,이화여대길,59.7,8,2026,5,11,122100,12.21
서울 서대문구,북아현동,두산,1999,이화여대8길,59.96,17,2026,5,9,138000,13.8
서울 서대문구,홍제동,홍제역해링턴플레이스,2024,세무서8길,59.99,6,2026,5,9,138500,13.85
서울 서대문구,남가좌동,DMC에코자이,2019,거북골로,59.79,7,2026,5,8,133000,13.3
서울 서대문구,북아현동,두산,1999,이화여대8길,59.96,10,2026,5,8,128000,12.8
서울 서대문구,현저동,독립문극동(200-0),1998,독립문공원길,59.58,13,2026,5,5,126000,12.6
서울 서대문구,북아현동,두산,1999,이화여대8길,59.96,6,2026,5,4,135500,13.55
서울 서대문구,홍제동,홍제센트럴IPARK,2020,통일로,59.9728,13,2026,5,5,132000,13.2
서울 서대문구,남가좌동,래미안루센티아,2020,거북골로,59.98,18,2026,5,2,135000,13.5
서울 서대문구,홍제동,홍제역해링턴플레이스,2024,세무서8길,59.99,4,2026,5,1,138000,13.8
서울 서대문구,남가좌동,DMC파크뷰자이2단지,2015,가재울미래로,59.981,3,2026,6,27,146500,14.65
서울 서대문구,남가좌동,DMC파크뷰자이3단지,2015,가재울미래로,59.981,5,2026,6,3,130000,13.0
서울 서대문구,북가좌동,DMC래미안e편한세상,2012,수색로,59.97,13,2026,6,18,144500,14.45
서울 서대문구,남가좌동,래미안루센티아,2020,거북골로,59.98,4,2026,6,6,133500,13.35
서울 서대문구,남가좌동,DMC센트럴아이파크,2018,증가로,59.91,15,2026,6,27,125000,12.5
서울 서대문구,합동,에스케이뷰,2008,서소문로,59.956,14,2026,6,26,138000,13.8
서울 서대문구,현저동,독립문극동(200-0),1998,독립문공원길,59.58,9,2026,6,20,138000,13.8
서울 서대문구,남가좌동,DMC금호리첸시아,2024,수색로2길,59.8295,7,2026,6,19,128000,12.8
서울 서대문구,남가좌동,DMC파크뷰자이1단지,2015,가재울미래로,59.977,13,2026,6,17,150000,15.0
서울 서대문구,남가좌동,DMC센트레빌,2009,거북골로,59.95,2,2026,6,17,113000,11.3
서울 서대문구,북아현동,두산,1999,이화여대8길,59.96,15,2026,6,17,127000,12.7
서울 서대문구,남가좌동,DMC파크뷰자이1단지,2015,가재울미래로,59.981,12,2026,6,16,150000,15.0
서울 서대문구,남가좌동,DMC파크뷰자이4단지,2015,가재울미래로,59.981,9,2026,6,13,141000,14.1
서울 서대문구,홍제동,인왕산현대,2000,통일로34길,59.93,13,2026,6,15,114200,11.42
서울 서대문구,북아현동,두산,1999,이화여대8길,59.96,11,2026,6,13,138000,13.8
서울 서대문구,홍제동,홍제센트럴IPARK,2020,통일로,59.9837,4,2026,6,13,128000,12.8
서울 서대문구,북아현동,두산,1999,이화여대8길,59.96,6,2026,6,12,132000,13.2
서울 서대문구,남가좌동,래미안남가좌2차,2005,수색로6길,59.788,9,2026,6,11,128000,12.8
서울 서대문구,북가좌동,DMC래미안e편한세상,2012,수색로,59.97,4,2026,6,9,141000,14.1
서울 서대문구,현저동,독립문극동(200-0),1998,독립문공원길,59.58,3,2026,6,10,132000,13.2
서울 서대문구,북가좌동,DMC래미안e편한세상,2012,수색로,59.97,15,2026,6,9,140000,14.0
서울 서대문구,남가좌동,DMC금호리첸시아,2024,수색로2길,59.9772,15,2026,6,7,134000,13.4
서울 서대문구,남가좌동,DMC금호리첸시아,2024,수색로2길,59.8295,11,2026,6,6,130000,13.0
서울 서대문구,홍은동,e편한세상서대문,2023,통일로,59.991,10,2026,6,5,124500,12.45
서울 서대문구,남가좌동,DMC센트럴아이파크,2018,증가로,59.99,11,2026,7,29,126500,12.65
서울 서대문구,홍제동,홍제원현대(459-0),2000,통일로34길,59.93,16,2026,7,31,115800,11.58
서울 서대문구,홍은동,e편한세상서대문,2023,통일로,59.986,16,2026,7,30,125000,12.5
서울 서대문구,홍제동,홍제역해링턴플레이스,2024,세무서8길,59.99,3,2026,7,25,142500,14.25
서울 서대문구,북아현동,두산,1999,이화여대8길,59.96,4,2026,7,27,138000,13.8
서울 서대문구,북가좌동,DMC래미안e편한세상,2012,수색로,59.97,15,2026,7,21,146000,14.6
서울 서대문구,남가좌동,래미안남가좌2차,2005,수색로6길,59.788,9,2026,7,20,127000,12.7
서울 서대문구,대현동,신촌럭키,1999,이화여대길,59.7,6,2026,7,14,124000,12.4
서울 서대문구,남가좌동,래미안남가좌2차,2005,수색로6길,59.788,5,2026,7,17,129500,12.95
서울 서대문구,냉천동,돈의문센트레빌,2011,독립문로14길,59.98,8,2026,7,17,150000,15.0
서울 서대문구,북아현동,두산,1999,이화여대8길,59.96,7,2026,7,16,135000,13.5
서울 서대문구,대현동,신촌럭키,1999,이화여대길,59.7,12,2026,7,14,128500,12.85
서울 서대문구,대현동,신촌럭키,1999,이화여대길,59.7,12,2026,7,13,130000,13.0
서울 서대문구,남가좌동,래미안남가좌2차,2005,수색로6길,59.788,12,2026,7,11,131000,13.1
서울 서대문구,북가좌동,DMC래미안e편한세상,2012,수색로,59.97,10,2026,7,10,140200,14.02
서울 서대문구,북아현동,두산,1999,이화여대8길,59.96,1,2026,7,10,123000,12.3
서울 서대문구,북아현동,두산,1999,이화여대8길,59.96,7,2026,7,7,139000,13.9
서울 서대문구,북가좌동,DMC래미안e편한세상,2012,수색로,59.97,8,2026,7,24,140000,14.0
서울 서대문구,현저동,독립문극동(200-0),1998,독립문공원길,59.58,17,2026,7,4,136500,13.65
서울 서대문구,남가좌동,DMC파크뷰자이1단지,2015,가재울미래로,59.981,7,2026,7,2,147000,14.7
서울 서대문구,남가좌동,DMC센트럴아이파크,2018,증가로,59.91,12,2026,7,3,125000,12.5
서울 서대문구,남가좌동,래미안남가좌2차,2005,수색로6길,59.788,1,2026,7,2,117500,11.75
서울 마포구,신정동,서강GS,1999,창전로,59.98,5,2026,1,28,135000,13.5
서울 마포구,공덕동,마포현대,1988,마포대로11길,59.95,1,2026,1,24,139500,13.95
서울 마포구,성산동,월드컵아이파크(667),2009,모래내로9길,59.73,14,2026,1,31,110000,11.0
서울 마포구,신수동,신촌삼익,1997,신수로,59.97,11,2026,1,30,134500,13.45
서울 마포구,신공덕동,신공덕래미안2차,2000,만리재로,59.48,14,2026,1,30,148500,14.85
서울 마포구,신수동,신촌삼익,1997,신수로,59.85,19,2026,1,26,132500,13.25
서울 마포구,상암동,상암월드컵파크2단지,2003,월드컵북로47길,59.92,8,2026,1,24,123500,12.35
서울 마포구,마포동,마포쌍용황금아파트,2000,마포대로4라길,59.9,10,2026,1,23,132000,13.2
서울 마포구,망원동,마포한강아이파크,2019,희우정로,59.3813,13,2026,1,23,150000,15.0
서울 마포구,도화동,마포동원베네스트,2010,도화4길,58.65,11,2026,1,21,138000,13.8
서울 마포구,현석동,밤섬힐스테이트,1999,신수로3길,59.4,3,2026,1,2,147000,14.7
서울 마포구,망원동,마포한강아이파크,2019,희우정로,59.3813,14,2026,1,10,146500,14.65
서울 마포구,신공덕동,신공덕래미안2차,2000,만리재로,59.48,10,2026,1,11,147000,14.7
서울 마포구,도화동,마포동원베네스트,2010,도화4길,58.65,12,2026,1,6,134000,13.4
서울 마포구,공덕동,마포현대,1988,마포대로11길,59.95,9,2026,1,10,141300,14.13
서울 마포구,신공덕동,신공덕e편한세상,2007,백범로,59.62,4,2026,1,9,148000,14.8
서울 마포구,신수동,신수동성원,1998,독막로28길,59.76,9,2026,1,6,125000,12.5
서울 마포구,상암동,상암월드컵파크2단지,2003,월드컵북로47길,59.92,2,2026,1,4,110000,11.0
서울 마포구,염리동,상록,1997,숭문길,58.71,12,2026,2,27,130000,13.0
서울 마포구,도화동,현대홈타운,2000,새창로8길,59.17,19,2026,2,28,143000,14.3
서울 마포구,상암동,상암월드컵파크2단지,2003,월드컵북로47길,59.92,10,2026,2,27,125000,12.5
서울 마포구,상암동,상암월드컵파크2단지,2003,월드컵북로47길,59.92,8,2026,2,24,124000,12.4
서울 마포구,신수동,신수동성원,1998,독막로28길,59.76,2,2026,2,23,110000,11.0
서울 마포구,공덕동,마포현대,1988,마포대로11길,59.95,13,2026,2,20,149000,14.9
서울 마포구,신수동,신촌삼익,1997,신수로,59.85,12,2026,2,13,141000,14.1
서울 마포구,공덕동,마포현대,1988,마포대로11길,59.95,9,2026,2,11,149000,14.9
서울 마포구,마포동,마포쌍용황금아파트,2000,마포대로4라길,59.9,6,2026,2,6,149000,14.9
서울 마포구,공덕동,마포현대,1988,마포대로11길,59.95,8,2026,2,4,145000,14.5
서울 마포구,신수동,신수동성원,1998,독막로28길,59.76,12,2026,3,31,124000,12.4
서울 마포구,염리동,상록,1997,숭문길,58.71,6,2026,3,28,122000,12.2
서울 마포구,염리동,상록,1997,숭문길,58.71,14,2026,3,14,140000,14.0
서울 마포구,신수동,신촌삼익,1997,신수로,59.97,7,2026,3,7,137500,13.75
서울 마포구,상암동,상암월드컵파크2단지,2003,월드컵북로47길,59.92,14,2026,3,2,126000,12.6
서울 마포구,마포동,마포쌍용황금아파트,2000,마포대로4라길,59.9,11,2026,4,27,143000,14.3
서울 마포구,창전동,창전동현대홈타운,2005,서강로,59.651,15,2026,4,21,120000,12.0
서울 마포구,염리동,염리삼성래미안,2001,백범로25길,59.52,14,2026,4,20,150000,15.0
서울 마포구,상암동,상암월드컵파크2단지,2003,월드컵북로47길,59.92,12,2026,4,18,120000,12.0
서울 마포구,현석동,밤섬힐스테이트,1999,신수로3길,59.4,16,2026,4,16,150000,15.0
서울 마포구,창전동,창전래미안,1998,서강로,59.94,7,2026,4,10,138000,13.8
서울 마포구,신수동,신수동성원,1998,독막로28길,59.76,9,2026,4,1,123000,12.3
서울 마포구,도화동,현대홈타운,2000,새창로8길,59.17,20,2026,4,7,150000,15.0
서울 마포구,신수동,신수동성원,1998,독막로28길,59.76,12,2026,5,16,127000,12.7
서울 마포구,상암동,상암월드컵파크2단지,2003,월드컵북로47길,59.84,12,2026,5,25,126000,12.6
서울 마포구,공덕동,마포현대,1988,마포대로11길,59.95,6,2026,5,25,149900,14.99
서울 마포구,염리동,상록,1997,숭문길,58.71,2,2026,5,23,125800,12.58
서울 마포구,창전동,창전래미안,1998,서강로,59.94,17,2026,5,21,147000,14.7
서울 마포구,상암동,상암월드컵파크2단지,2003,월드컵북로47길,59.92,15,2026,5,16,130000,13.0
서울 마포구,상암동,상암월드컵파크2단지,2003,월드컵북로47길,59.92,6,2026,5,14,146000,14.6
서울 마포구,신정동,서강GS,1999,창전로,59.98,2,2026,5,14,143000,14.3
서울 마포구,신정동,서강GS,1999,창전로,59.98,16,2026,5,2,150000,15.0
서울 마포구,마포동,마포쌍용황금아파트,2000,마포대로4라길,59.9,11,2026,5,9,143000,14.3
서울 마포구,성산동,월드컵아이파크(667),2009,모래내로9길,59.73,14,2026,5,8,115000,11.5
서울 마포구,상암동,상암월드컵파크2단지,2003,월드컵북로47길,59.84,7,2026,5,7,128000,12.8
서울 마포구,도화동,마포동원베네스트,2010,도화4길,58.65,11,2026,5,8,145000,14.5
서울 마포구,신수동,신촌삼익,1997,신수로,59.85,20,2026,5,8,140000,14.0
서울 마포구,상암동,상암월드컵파크2단지,2003,월드컵북로47길,59.92,19,2026,5,1,122000,12.2
서울 마포구,창전동,창전래미안,1998,서강로,59.94,2,2026,6,23,139000,13.9
서울 마포구,도화동,한화오벨리스크,2004,마포대로,59.0,34,2026,6,21,110000,11.0
서울 마포구,상암동,상암월드컵파크2단지,2003,월드컵북로47길,59.84,5,2026,6,17,129500,12.95
서울 마포구,성산동,월드컵아이파크(667),2009,모래내로9길,59.73,3,2026,6,6,112500,11.25
서울 마포구,창전동,창전래미안,1998,서강로,59.94,3,2026,6,3,140000,14.0
서울 마포구,연남동,코오롱,2003,연남로,59.76,10,2026,7,20,110000,11.0
서울 마포구,염리동,상록,1997,숭문길,58.71,3,2026,7,14,127500,12.75
서울 마포구,상암동,상암월드컵파크2단지,2003,월드컵북로47길,59.92,17,2026,7,11,128000,12.8
서울 마포구,상암동,상암월드컵파크2단지,2003,월드컵북로47길,59.92,12,2026,7,6,132000,13.2
서울 마포구,창전동,창전래미안,1998,서강로,59.94,7,2026,7,4,144500,14.45
서울 양천구,신정동,목동2삼성래미안,2001,목동남로4길,59.92,5,2026,1,31,115500,11.55
서울 양천구,신정동,호반써밋목동,2022,중앙로29길,59.9182,8,2026,1,27,145000,14.5
서울 양천구,신월동,목동센트럴아이파크위브2단지,2020,남부순환로83길,59.88,14,2026,1,18,111500,11.15
서울 양천구,신정동,래미안목동아델리체(119동~123동),2021,중앙로43길,59.82,10,2026,1,17,140000,14.0
서울 양천구,목동,목동롯데캐슬마에스트로,2019,목동중앙북로8길,59.9846,1,2026,1,17,117000,11.7
서울 양천구,신정동,래미안목동아델리체(119동~123동),2021,중앙로43길,59.82,15,2026,1,16,141000,14.1
서울 양천구,목동,롯데캐슬위너,2005,목동중앙북로,59.98,3,2026,1,13,115000,11.5
서울 양천구,목동,롯데캐슬위너,2005,목동중앙북로,59.98,8,2026,1,7,115000,11.5
서울 양천구,신월동,목동센트럴아이파크위브2단지,2020,남부순환로83길,59.88,12,2026,1,9,110000,11.0
서울 양천구,신월동,목동센트럴아이파크위브4단지,2020,남부순환로83길,59.68,16,2026,2,26,125000,12.5
서울 양천구,목동,목동롯데캐슬마에스트로,2019,목동중앙북로8길,59.984,2,2026,2,20,125000,12.5
서울 양천구,신월동,목동센트럴아이파크위브2단지,2020,남부순환로83길,59.88,21,2026,2,20,120000,12.0
서울 양천구,목동,롯데캐슬위너,2005,목동중앙북로,59.98,15,2026,2,23,128000,12.8
서울 양천구,신정동,목동2삼성래미안,2001,목동남로4길,59.92,3,2026,2,13,115000,11.5
서울 양천구,목동,롯데캐슬위너,2005,목동중앙북로,59.98,3,2026,2,10,120000,12.0
서울 양천구,신월동,목동센트럴아이파크위브2단지,2020,남부순환로83길,59.88,18,2026,2,12,122000,12.2
서울 양천구,신월동,목동센트럴아이파크위브2단지,2020,남부순환로83길,59.88,19,2026,2,12,120000,12.0
서울 양천구,신월동,목동센트럴아이파크위브3단지,2020,남부순환로83길,59.88,12,2026,2,11,121000,12.1
서울 양천구,목동,롯데캐슬위너,2005,목동중앙북로,59.98,3,2026,2,7,117800,11.78
서울 양천구,신월동,목동센트럴아이파크위브2단지,2020,남부순환로83길,59.68,6,2026,2,6,116000,11.6
서울 양천구,목동,목동롯데캐슬마에스트로,2019,목동중앙북로8길,59.9846,6,2026,2,3,128000,12.8
서울 양천구,목동,목동롯데캐슬마에스트로,2019,목동중앙북로8길,59.9846,7,2026,2,1,126500,12.65
서울 양천구,목동,목동롯데캐슬마에스트로,2019,목동중앙북로8길,59.9846,11,2026,3,25,125000,12.5
서울 양천구,신월동,목동센트럴아이파크위브3단지,2020,남부순환로83길,59.97,13,2026,3,26,122000,12.2
서울 양천구,목동,목동롯데캐슬마에스트로,2019,목동중앙북로8길,59.9846,1,2026,3,25,122000,12.2
서울 양천구,신월동,목동센트럴아이파크위브1단지,2020,남부순환로83길,59.68,9,2026,3,21,122000,12.2
서울 양천구,신월동,목동센트럴아이파크위브1단지,2020,남부순환로83길,59.88,11,2026,4,25,120000,12.0
서울 양천구,신월동,목동센트럴아이파크위브2단지,2020,남부순환로83길,59.88,13,2026,4,23,122000,12.2
서울 양천구,신정동,호반써밋목동,2022,중앙로29길,59.9182,5,2026,4,10,142500,14.25
서울 양천구,목동,목동롯데캐슬마에스트로,2019,목동중앙북로8길,59.984,10,2026,4,8,134000,13.4
서울 양천구,신월동,목동센트럴아이파크위브3단지,2020,남부순환로83길,59.88,7,2026,4,6,120000,12.0
서울 양천구,신월동,목동센트럴아이파크위브2단지,2020,남부순환로83길,59.88,10,2026,4,4,121000,12.1
서울 양천구,목동,롯데캐슬위너,2005,목동중앙북로,59.98,5,2026,5,31,133000,13.3
서울 양천구,목동,삼익,1997,목동동로12길,59.87,5,2026,5,21,123000,12.3
서울 양천구,신월동,목동센트럴아이파크위브2단지,2020,남부순환로83길,59.88,13,2026,5,25,122000,12.2
서울 양천구,목동,롯데캐슬위너,2005,목동중앙북로,59.98,17,2026,5,14,129000,12.9
서울 양천구,목동,진도2,1999,목동동로,59.46,3,2026,5,14,150000,15.0
서울 양천구,신월동,롯데캐슬,2014,중앙로29길,59.747,12,2026,5,10,110000,11.0
서울 양천구,신월동,목동센트럴아이파크위브4단지,2020,남부순환로83길,59.68,17,2026,5,8,123500,12.35
서울 양천구,신정동,목동2삼성래미안,2001,목동남로4길,59.54,1,2026,5,4,126000,12.6
서울 양천구,신월동,목동센트럴아이파크위브2단지,2020,남부순환로83길,59.88,4,2026,6,13,122500,12.25
서울 양천구,목동,롯데캐슬위너,2005,목동중앙북로,59.98,6,2026,6,6,127000,12.7
서울 양천구,신월동,목동센트럴아이파크위브2단지,2020,남부순환로83길,59.68,16,2026,6,20,123000,12.3
서울 양천구,목동,목동롯데캐슬마에스트로,2019,목동중앙북로8길,59.9846,3,2026,6,22,128000,12.8
서울 양천구,신월동,롯데캐슬,2014,중앙로29길,59.747,9,2026,6,19,113000,11.3
서울 양천구,신정동,호반써밋목동,2022,중앙로29길,59.9488,3,2026,6,17,147000,14.7
서울 양천구,신월동,목동센트럴아이파크위브4단지,2020,남부순환로83길,59.68,14,2026,6,17,125000,12.5
서울 양천구,신월동,목동센트럴아이파크위브2단지,2020,남부순환로83길,59.88,4,2026,6,14,122500,12.25
서울 양천구,신월동,목동센트럴아이파크위브3단지,2020,남부순환로83길,59.88,9,2026,6,13,115700,11.57
서울 양천구,목동,목동롯데캐슬마에스트로,2019,목동중앙북로8길,59.984,6,2026,6,12,135000,13.5
서울 양천구,목동,목동롯데캐슬마에스트로,2019,목동중앙북로8길,59.984,13,2026,6,5,132000,13.2
서울 양천구,신월동,롯데캐슬,2014,중앙로29길,59.747,20,2026,6,3,112000,11.2
서울 양천구,목동,목동롯데캐슬마에스트로,2019,목동중앙북로8길,59.9846,13,2026,7,24,136000,13.6
서울 양천구,신월동,목동센트럴아이파크위브4단지,2020,남부순환로83길,59.68,19,2026,7,20,124000,12.4
서울 양천구,목동,롯데캐슬위너,2005,목동중앙북로,59.98,5,2026,7,15,136000,13.6
서울 양천구,목동,목동롯데캐슬마에스트로,2019,목동중앙북로8길,59.984,14,2026,7,7,138500,13.85
서울 양천구,목동,목동롯데캐슬마에스트로,2019,목동중앙북로8길,59.9846,9,2026,7,11,134800,13.48
서울 양천구,신월동,목동센트럴아이파크위브4단지,2020,남부순환로83길,59.68,20,2026,7,11,130000,13.0
서울 양천구,신월동,목동센트럴아이파크위브2단지,2020,남부순환로83길,59.88,13,2026,7,11,130000,13.0
서울 양천구,신정동,목동2삼성래미안,2001,목동남로4길,59.92,9,2026,7,11,133500,13.35
서울 양천구,신월동,목동센트럴아이파크위브4단지,2020,남부순환로83길,59.68,10,2026,7,9,125000,12.5
서울 양천구,신월동,롯데캐슬,2014,중앙로29길,59.747,18,2026,7,4,115000,11.5
서울 양천구,신월동,목동센트럴아이파크위브2단지,2020,남부순환로83길,59.88,18,2026,7,1,116000,11.6
서울 강서구,마곡동,마곡엠밸리9단지,2021,공항대로,59.86,14,2026,1,31,146000,14.6
서울 강서구,화곡동,강서힐스테이트,2015,우현로,59.99,14,2026,1,31,132500,13.25
서울 강서구,화곡동,"우장산아이파크,이편한세상",2008,강서로,59.98,2,2026,1,30,129900,12.99
서울 강서구,화곡동,강서힐스테이트,2015,우현로,59.99,14,2026,1,29,140000,14.0
서울 강서구,염창동,동아3,1999,양천로,59.83,17,2026,1,26,129000,12.9
서울 강서구,염창동,염창1차한화꿈에그린,2005,공항대로75길,59.94,18,2026,1,23,140000,14.0
서울 강서구,화곡동,"우장산아이파크,이편한세상",2008,강서로,59.98,18,2026,1,8,137500,13.75
서울 강서구,마곡동,마곡엠밸리9단지,2021,공항대로,59.89,11,2026,1,22,130000,13.0
서울 강서구,가양동,강서한강자이,2013,양천로55길,59.9382,3,2026,1,21,129000,12.9
서울 강서구,마곡동,마곡13단지힐스테이트마스터,2017,마곡중앙1로,59.9825,9,2026,1,21,149000,14.9
서울 강서구,내발산동,우장산힐스테이트,2005,강서로,59.98,1,2026,1,5,120000,12.0
서울 강서구,마곡동,마곡엠밸리9단지,2021,공항대로,59.82,13,2026,1,17,141500,14.15
서울 강서구,마곡동,마곡13단지힐스테이트마스터,2017,마곡중앙1로,59.9825,10,2026,1,17,145000,14.5
서울 강서구,내발산동,우장산힐스테이트,2005,강서로,59.98,8,2026,1,16,141500,14.15
서울 강서구,마곡동,마곡13단지힐스테이트마스터,2017,마곡중앙1로,59.9855,2,2026,1,14,138800,13.88
서울 강서구,마곡동,마곡13단지힐스테이트마스터,2017,마곡중앙1로,59.9825,8,2026,1,9,143500,14.35
서울 강서구,화곡동,우장산숲아이파크,2022,화곡로31다길,59.9983,3,2026,1,10,126000,12.6
서울 강서구,화곡동,강서힐스테이트,2015,우현로,59.99,13,2026,1,12,139000,13.9
서울 강서구,마곡동,마곡엠밸리9단지,2021,공항대로,59.86,3,2026,1,12,128000,12.8
서울 강서구,화곡동,강서힐스테이트,2015,우현로,59.99,1,2026,1,8,124500,12.45
서울 강서구,마곡동,마곡13단지힐스테이트마스터,2017,마곡중앙1로,59.9825,16,2026,1,5,142000,14.2
서울 강서구,내발산동,우장산힐스테이트,2005,강서로,59.98,17,2026,1,3,134000,13.4
서울 강서구,가양동,가양6단지,1992,허준로,58.65,8,2026,2,28,113000,11.3
서울 강서구,마곡동,마곡13단지힐스테이트마스터,2017,마곡중앙1로,59.9825,7,2026,2,23,129500,12.95
서울 강서구,내발산동,마곡수명산파크4단지,2008,수명로1길,59.84,14,2026,2,21,114000,11.4
서울 강서구,내발산동,마곡수명산파크5단지,2008,수명로2길,59.87,12,2026,2,20,113500,11.35
서울 강서구,염창동,동아3,1999,양천로,59.83,12,2026,2,19,132000,13.2
서울 강서구,내발산동,마곡수명산파크4단지,2008,수명로1길,59.84,9,2026,2,14,110000,11.0
서울 강서구,화곡동,강서힐스테이트,2015,우현로,59.99,15,2026,2,13,140000,14.0
서울 강서구,화곡동,"우장산아이파크,이편한세상",2008,강서로,59.98,3,2026,2,12,134900,13.49
서울 강서구,마곡동,마곡엠밸리9단지,2021,공항대로,59.86,2,2026,2,9,130000,13.0
서울 강서구,염창동,염창1차한화꿈에그린,2005,공항대로75길,59.94,9,2026,2,2,137500,13.75
서울 강서구,마곡동,마곡힐스테이트,2017,마곡중앙3로,59.99,10,2026,2,6,149000,14.9
서울 강서구,마곡동,마곡푸르지오,2008,방화대로34길,59.87,6,2026,2,5,120000,12.0
서울 강서구,염창동,동아3,1999,양천로,59.7,23,2026,2,3,110000,11.0
서울 강서구,염창동,삼정그린코아,2001,공항대로75길,59.739,6,2026,2,3,115000,11.5
서울 강서구,화곡동,"우장산아이파크,이편한세상",2008,강서로,59.98,11,2026,2,2,134000,13.4
서울 강서구,마곡동,마곡엠밸리9단지,2021,공항대로,59.86,7,2026,2,1,142500,14.25
서울 강서구,내발산동,우장산힐스테이트,2005,강서로,59.98,7,2026,3,16,120000,12.0
서울 강서구,화곡동,우장산숲아이파크,2022,화곡로31다길,59.9983,11,2026,3,28,127000,12.7
서울 강서구,마곡동,한솔솔파크,2005,양천로30길,59.81,8,2026,3,30,118000,11.8
서울 강서구,내발산동,우장산힐스테이트,2005,강서로,59.98,15,2026,3,30,140000,14.0
서울 강서구,화곡동,우장산숲아이파크,2022,화곡로31다길,59.9983,7,2026,3,28,136000,13.6
서울 강서구,염창동,동아3,1999,양천로,59.83,22,2026,3,17,135000,13.5
서울 강서구,내발산동,우장산힐스테이트,2005,강서로,59.98,5,2026,3,20,139500,13.95
서울 강서구,내발산동,우장산힐스테이트,2005,강서로,59.98,2,2026,3,20,132000,13.2
서울 강서구,가양동,강서한강자이,2013,양천로55길,59.9382,3,2026,3,20,128500,12.85
서울 강서구,내발산동,우장산힐스테이트,2005,강서로,59.98,3,2026,3,15,146500,14.65
서울 강서구,가양동,강서한강자이,2013,양천로55길,59.9382,15,2026,3,18,131000,13.1
서울 강서구,마곡동,마곡13단지힐스테이트마스터,2017,마곡중앙1로,59.9825,16,2026,3,16,148000,14.8
서울 강서구,화곡동,우장산숲아이파크,2022,화곡로31다길,59.9983,11,2026,3,14,135000,13.5
서울 강서구,화곡동,강서힐스테이트,2015,우현로,59.99,7,2026,3,9,135000,13.5
서울 강서구,화곡동,"우장산아이파크,이편한세상",2008,강서로,59.98,15,2026,3,7,141500,14.15
서울 강서구,내발산동,마곡수명산파크4단지,2008,수명로1길,59.84,14,2026,3,7,114000,11.4
서울 강서구,화곡동,강서힐스테이트,2015,우현로,59.99,10,2026,3,6,142000,14.2
서울 강서구,내발산동,마곡수명산파크5단지,2008,수명로2길,59.84,5,2026,3,4,110000,11.0
서울 강서구,화곡동,강서힐스테이트,2015,우현로,59.99,9,2026,4,29,135000,13.5
서울 강서구,화곡동,우장산숲아이파크,2022,화곡로31다길,59.9983,9,2026,4,16,127500,12.75
서울 강서구,내발산동,우장산힐스테이트,2005,강서로,59.98,12,2026,4,25,144000,14.4
서울 강서구,내발산동,우장산힐스테이트,2005,강서로,59.98,10,2026,4,25,138500,13.85
서울 강서구,염창동,동아3,1999,양천로,59.7,15,2026,4,23,123000,12.3
서울 강서구,화곡동,"우장산아이파크,이편한세상",2008,강서로,59.98,17,2026,4,23,139500,13.95
서울 강서구,내발산동,우장산힐스테이트,2005,강서로,59.98,11,2026,4,22,147000,14.7
서울 강서구,마곡동,마곡13단지힐스테이트마스터,2017,마곡중앙1로,59.9825,1,2026,4,4,144800,14.48
서울 강서구,내발산동,마곡수명산파크4단지,2008,수명로1길,59.84,14,2026,4,21,114000,11.4
서울 강서구,염창동,동아3,1999,양천로,59.7,8,2026,4,13,121500,12.15
서울 강서구,염창동,e편한세상염창,2019,공항대로,59.8873,15,2026,4,18,142000,14.2
서울 강서구,내발산동,마곡수명산파크5단지,2008,수명로2길,59.84,7,2026,4,18,113000,11.3
서울 강서구,화곡동,"우장산아이파크,이편한세상",2008,강서로,59.98,17,2026,4,17,136000,13.6
서울 강서구,마곡동,마곡푸르지오,2008,방화대로34길,59.87,5,2026,4,16,123800,12.38
서울 강서구,등촌동,주공3,1995,강서로56나길,58.14,7,2026,4,15,110000,11.0
서울 강서구,내발산동,마곡수명산파크4단지,2008,수명로1길,59.84,10,2026,4,14,114000,11.4
서울 강서구,마곡동,마곡푸르지오,2008,방화대로34길,59.87,3,2026,4,14,128000,12.8
서울 강서구,내발산동,우장산힐스테이트,2005,강서로,59.98,1,2026,4,13,124000,12.4
서울 강서구,화곡동,"우장산아이파크,이편한세상",2008,강서로,59.98,9,2026,4,9,137000,13.7
서울 강서구,화곡동,강서힐스테이트,2015,우현로,59.99,6,2026,4,8,135000,13.5
서울 강서구,화곡동,강서힐스테이트,2015,우현로,59.99,15,2026,4,6,117500,11.75
서울 강서구,화곡동,"우장산아이파크,이편한세상",2008,강서로,59.98,9,2026,4,4,142750,14.28
서울 강서구,마곡동,한솔솔파크,2005,양천로30길,59.81,10,2026,4,4,110000,11.0
서울 강서구,화곡동,강서힐스테이트,2015,우현로,59.99,5,2026,4,3,130000,13.0
서울 강서구,마곡동,마곡힐스테이트,2017,마곡중앙3로,59.99,9,2026,4,3,148000,14.8
서울 강서구,가양동,가양6단지,1992,허준로,58.65,14,2026,4,2,118000,11.8
서울 강서구,마곡동,마곡엠벨리(15단지),2014,마곡중앙로,59.79,8,2026,4,1,150000,15.0
서울 강서구,마곡동,마곡엠밸리9단지,2021,공항대로,59.86,6,2026,5,27,145000,14.5
서울 강서구,가양동,가양6단지,1992,허준로,58.65,13,2026,5,29,116000,11.6
서울 강서구,내발산동,마곡수명산파크4단지,2008,수명로1길,59.84,8,2026,5,28,111400,11.14
서울 강서구,화곡동,강서힐스테이트,2015,우현로,59.99,8,2026,5,30,140000,14.0
서울 강서구,마곡동,마곡엠밸리9단지,2021,공항대로,59.86,6,2026,5,29,145000,14.5
서울 강서구,마곡동,마곡엠밸리8단지,2016,마곡서1로,59.79,11,2026,5,27,148000,14.8
서울 강서구,가양동,강서한강자이,2013,양천로55길,59.9382,14,2026,5,9,140000,14.0
서울 강서구,가양동,가양6단지,1992,허준로,58.65,8,2026,5,28,117500,11.75
서울 강서구,내발산동,마곡수명산파크4단지,2008,수명로1길,59.84,5,2026,5,19,113500,11.35
서울 강서구,화곡동,"우장산아이파크,이편한세상",2008,강서로,59.98,3,2026,5,27,132000,13.2
서울 강서구,가양동,가양강나루현대,1999,양천로,59.76,11,2026,5,26,121000,12.1
서울 강서구,가양동,가양6단지,1992,허준로,58.65,5,2026,5,23,120000,12.0
서울 강서구,내발산동,마곡수명산파크5단지,2008,수명로2길,59.84,10,2026,5,23,114000,11.4
서울 강서구,내발산동,마곡수명산파크5단지,2008,수명로2길,59.76,8,2026,5,23,114500,11.45
서울 강서구,화곡동,강서힐스테이트,2015,우현로,59.99,11,2026,5,23,142500,14.25
서울 강서구,가양동,가양6단지,1992,허준로,58.65,3,2026,5,21,112000,11.2
서울 강서구,가양동,가양6단지,1992,허준로,58.65,2,2026,5,21,111800,11.18
서울 강서구,등촌동,주공3,1995,강서로56나길,58.14,4,2026,5,19,114000,11.4
서울 강서구,가양동,강서한강자이,2013,양천로55길,59.9382,14,2026,5,16,140000,14.0
서울 강서구,가양동,가양강나루현대,1999,양천로,59.76,16,2026,5,16,114000,11.4
서울 강서구,화곡동,강서힐스테이트,2015,우현로,59.99,17,2026,5,14,134750,13.47
서울 강서구,화곡동,강서힐스테이트,2015,우현로,59.99,4,2026,5,9,132000,13.2
서울 강서구,내발산동,우장산힐스테이트,2005,강서로,59.98,11,2026,5,8,138000,13.8
서울 강서구,화곡동,우장산숲아이파크,2022,화곡로31다길,59.9969,8,2026,5,7,130000,13.0
서울 강서구,화곡동,"우장산아이파크,이편한세상",2008,강서로,59.98,4,2026,5,7,133000,13.3
서울 강서구,화곡동,"우장산아이파크,이편한세상",2008,강서로,59.98,3,2026,5,6,135500,13.55
서울 강서구,화곡동,"우장산아이파크,이편한세상",2008,강서로,59.98,6,2026,5,5,139000,13.9
서울 강서구,가양동,가양6단지,1992,허준로,58.65,6,2026,5,6,123500,12.35
서울 강서구,화곡동,강서힐스테이트,2015,우현로,59.99,7,2026,5,4,137000,13.7
서울 강서구,내발산동,마곡수명산파크4단지,2008,수명로1길,59.84,11,2026,5,4,113800,11.38
서울 강서구,화곡동,우장산숲아이파크,2022,화곡로31다길,59.9983,15,2026,5,5,139200,13.92
서울 강서구,염창동,태진한솔,1994,공항대로71길,58.87,14,2026,6,30,112500,11.25
서울 강서구,가양동,강서한강자이,2013,양천로55길,59.9382,8,2026,6,28,144000,14.4
서울 강서구,내발산동,마곡수명산파크4단지,2008,수명로1길,59.84,6,2026,6,26,111800,11.18
서울 강서구,염창동,동아,1998,양천로69길,59.97,11,2026,6,19,110000,11.0
서울 강서구,화곡동,"우장산아이파크,이편한세상",2008,강서로,59.98,6,2026,6,24,143000,14.3
서울 강서구,화곡동,강서힐스테이트,2015,우현로,59.99,4,2026,6,23,135000,13.5
서울 강서구,가양동,가양강나루현대,1999,양천로,59.76,1,2026,6,20,110000,11.0
서울 강서구,염창동,동아3,1999,양천로,59.7,20,2026,6,20,128500,12.85
서울 강서구,등촌동,주공10,1995,화곡로63가길,58.14,9,2026,6,18,115700,11.57
서울 강서구,가양동,가양6단지,1992,허준로,58.65,3,2026,6,16,118800,11.88
서울 강서구,가양동,가양강나루현대,1999,양천로,59.76,4,2026,6,16,116300,11.63
서울 강서구,염창동,동아3,1999,양천로,59.7,10,2026,6,15,122000,12.2
서울 강서구,염창동,성원,2001,양천로69길,59.91,18,2026,6,15,111000,11.1
서울 강서구,염창동,동아3,1999,양천로,59.7,16,2026,6,13,127000,12.7
서울 강서구,염창동,염창1차한화꿈에그린,2005,공항대로75길,59.94,12,2026,6,13,142000,14.2
서울 강서구,등촌동,주공3,1995,강서로56나길,58.14,11,2026,6,12,113500,11.35
서울 강서구,가양동,가양6단지,1992,허준로,58.65,12,2026,6,10,118000,11.8
서울 강서구,화곡동,우장산숲아이파크,2022,화곡로31다길,59.9983,4,2026,6,9,134500,13.45
서울 강서구,내발산동,마곡수명산파크5단지,2008,수명로2길,59.84,12,2026,6,9,112000,11.2
서울 강서구,가양동,가양6단지,1992,허준로,58.65,13,2026,6,8,125000,12.5
서울 강서구,등촌동,주공5,1995,공항대로39길,58.14,11,2026,6,8,110000,11.0
서울 강서구,마곡동,마곡엠밸리8단지,2016,마곡서1로,59.79,9,2026,6,3,149000,14.9
서울 강서구,화곡동,강서힐스테이트,2015,우현로,59.99,11,2026,6,3,140000,14.0
서울 강서구,염창동,동아3,1999,양천로,59.7,16,2026,7,30,121000,12.1
서울 강서구,화곡동,"우장산아이파크,이편한세상",2008,강서로,59.98,16,2026,7,30,140500,14.05
서울 강서구,내발산동,마곡수명산파크4단지,2008,수명로1길,59.84,7,2026,7,24,112000,11.2
서울 강서구,가양동,가양6단지,1992,허준로,58.65,7,2026,7,23,128000,12.8
서울 강서구,화곡동,"우장산아이파크,이편한세상",2008,강서로,59.98,17,2026,7,21,145000,14.5
서울 강서구,화곡동,강서힐스테이트,2015,우현로,59.99,4,2026,7,6,141000,14.1
서울 강서구,화곡동,우장산숲아이파크,2022,화곡로31다길,59.9969,9,2026,7,17,143000,14.3
서울 강서구,내발산동,우장산힐스테이트,2005,강서로,59.98,13,2026,7,18,149000,14.9
서울 강서구,화곡동,강서힐스테이트,2015,우현로,59.99,9,2026,7,18,142000,14.2
서울 강서구,내발산동,우장산힐스테이트,2005,강서로,59.98,14,2026,7,16,144000,14.4
서울 강서구,염창동,동아3,1999,양천로,59.83,8,2026,7,13,133000,13.3
서울 강서구,마곡동,마곡푸르지오,2008,방화대로34길,59.87,2,2026,7,10,127500,12.75
서울 강서구,등촌동,주공3,1995,강서로56나길,58.14,14,2026,7,12,119000,11.9
서울 강서구,내발산동,마곡수명산파크4단지,2008,수명로1길,59.84,13,2026,7,11,113000,11.3
서울 강서구,염창동,동아3,1999,양천로,59.7,9,2026,7,11,129000,12.9
서울 강서구,등촌동,주공3,1995,강서로56나길,58.14,11,2026,7,11,115000,11.5
서울 강서구,가양동,가양6단지,1992,허준로,58.65,8,2026,7,9,118500,11.85
서울 강서구,가양동,가양강나루현대,1999,양천로,59.76,13,2026,7,8,125000,12.5
서울 강서구,등촌동,주공5,1995,공항대로39길,58.14,12,2026,7,7,110500,11.05
서울 강서구,등촌동,주공5,1995,공항대로39길,58.14,14,2026,7,6,112500,11.25
서울 강서구,등촌동,주공5,1995,공항대로39길,58.14,3,2026,7,6,110000,11.0
서울 강서구,염창동,성원,2001,양천로69길,59.91,7,2026,7,4,110500,11.05
서울 강서구,화곡동,"우장산아이파크,이편한세상",2008,강서로,59.98,8,2026,7,3,141000,14.1
서울 강서구,가양동,가양6단지,1992,허준로,58.65,12,2026,7,2,124500,12.45
서울 강서구,화곡동,"우장산아이파크,이편한세상",2008,강서로,59.98,3,2026,7,1,136700,13.67
서울 강서구,내발산동,마곡수명산파크5단지,2008,수명로2길,59.76,11,2026,7,1,117000,11.7
서울 구로구,신도림동,대림1,1999,신도림로,59.88,11,2026,1,31,119500,11.95
서울 구로구,신도림동,대림2,2001,신도림로,59.88,9,2026,1,31,120000,12.0
서울 구로구,신도림동,대림2,2001,신도림로,59.9,14,2026,1,30,119500,11.95
서울 구로구,신도림동,대림2,2001,신도림로,59.9,13,2026,1,28,125000,12.5
서울 구로구,신도림동,동아1,1999,신도림로,59.978,5,2026,1,26,122000,12.2
서울 구로구,신도림동,대림2,2001,신도림로,59.9,15,2026,1,24,124000,12.4
서울 구로구,신도림동,동아2,2000,경인로,59.595,18,2026,1,24,120000,12.0
서울 구로구,신도림동,동아1,1999,신도림로,59.978,10,2026,1,22,121500,12.15
서울 구로구,신도림동,동아3,2000,신도림로,60.0,4,2026,1,21,137000,13.7
서울 구로구,신도림동,동아2,2000,경인로,59.595,10,2026,1,20,125000,12.5
서울 구로구,신도림동,대림2,2001,신도림로,59.88,18,2026,1,9,118500,11.85
서울 구로구,신도림동,대림2,2001,신도림로,59.88,18,2026,1,8,114500,11.45
서울 구로구,신도림동,동아2,2000,경인로,59.595,22,2026,1,5,116000,11.6
서울 구로구,구로동,신도림태영타운,2000,새말로,59.88,11,2026,2,28,120000,12.0
서울 구로구,신도림동,동아2,2000,경인로,59.595,5,2026,2,27,130000,13.0
서울 구로구,신도림동,대림2,2001,신도림로,59.82,5,2026,2,13,119900,11.99
서울 구로구,신도림동,동아3,2000,신도림로,60.0,18,2026,2,23,140000,14.0
서울 구로구,구로동,신도림태영타운,2000,새말로,59.88,3,2026,2,11,115000,11.5
서울 구로구,신도림동,대림2,2001,신도림로,59.88,3,2026,2,21,122500,12.25
서울 구로구,신도림동,대림1,1999,신도림로,59.88,1,2026,2,19,115000,11.5
서울 구로구,신도림동,대림1,1999,신도림로,59.9,27,2026,2,19,125000,12.5
서울 구로구,신도림동,대림1,1999,신도림로,59.88,5,2026,2,11,120000,12.0
서울 구로구,신도림동,동아2,2000,경인로,59.595,18,2026,2,8,132000,13.2
서울 구로구,신도림동,대림1,1999,신도림로,59.88,25,2026,2,2,122000,12.2
서울 구로구,신도림동,대림1,1999,신도림로,59.88,17,2026,2,2,123000,12.3
서울 구로구,신도림동,동아2,2000,경인로,59.595,15,2026,2,2,112000,11.2
서울 구로구,신도림동,동아2,2000,경인로,59.595,10,2026,3,28,131500,13.15
서울 구로구,신도림동,대림1,1999,신도림로,59.9,5,2026,3,28,132000,13.2
서울 구로구,신도림동,동아3,2000,신도림로,60.0,6,2026,3,28,145000,14.5
서울 구로구,신도림동,동아1,1999,신도림로,59.978,26,2026,3,28,134500,13.45
서울 구로구,신도림동,대림2,2001,신도림로,59.9,1,2026,3,27,115000,11.5
서울 구로구,신도림동,동아1,1999,신도림로,59.978,18,2026,3,7,133000,13.3
서울 구로구,신도림동,대림2,2001,신도림로,59.9,19,2026,3,20,124000,12.4
서울 구로구,신도림동,동아1,1999,신도림로,59.978,13,2026,3,15,135500,13.55
서울 구로구,신도림동,대림2,2001,신도림로,59.82,9,2026,3,14,127850,12.79
서울 구로구,신도림동,대림1,1999,신도림로,59.88,10,2026,3,13,124000,12.4
서울 구로구,신도림동,대림2,2001,신도림로,59.88,2,2026,3,11,117000,11.7
서울 구로구,구로동,신도림태영타운,2000,새말로,59.88,11,2026,3,9,112000,11.2
서울 구로구,구로동,신도림태영타운,2000,새말로,59.88,2,2026,4,29,124500,12.45
서울 구로구,신도림동,대림1,1999,신도림로,59.82,11,2026,4,30,120000,12.0
서울 구로구,신도림동,동아1,1999,신도림로,59.978,24,2026,4,1,137500,13.75
서울 구로구,신도림동,대림1,1999,신도림로,59.9,3,2026,4,30,129000,12.9
서울 구로구,신도림동,디큐브시티,2011,경인로,59.84,4,2026,4,17,111300,11.13
서울 구로구,신도림동,동아1,1999,신도림로,59.978,4,2026,4,25,130000,13.0
서울 구로구,신도림동,동아2,2000,경인로,59.595,9,2026,4,19,130000,13.0
서울 구로구,신도림동,대림1,1999,신도림로,59.82,9,2026,4,1,120000,12.0
서울 구로구,신도림동,동아1,1999,신도림로,59.978,21,2026,4,14,139500,13.95
서울 구로구,신도림동,동아3,2000,신도림로,60.0,2,2026,4,8,139000,13.9
서울 구로구,신도림동,동아3,2000,신도림로,60.0,7,2026,4,4,144000,14.4
서울 구로구,신도림동,대림1,1999,신도림로,59.88,3,2026,4,3,126400,12.64
서울 구로구,신도림동,대림1,1999,신도림로,59.9,24,2026,5,30,131500,13.15
서울 구로구,신도림동,동아1,1999,신도림로,59.978,21,2026,5,26,138000,13.8
서울 구로구,신도림동,동아3,2000,신도림로,60.0,15,2026,5,24,144500,14.45
서울 구로구,신도림동,대림1,1999,신도림로,59.9,2,2026,5,23,122500,12.25
서울 구로구,구로동,신도림태영타운,2000,새말로,59.88,21,2026,5,22,130000,13.0
서울 구로구,신도림동,대림1,1999,신도림로,59.9,14,2026,5,22,131800,13.18
서울 구로구,신도림동,대림1,1999,신도림로,59.9,18,2026,5,21,128900,12.89
서울 구로구,신도림동,동아2,2000,경인로,59.595,20,2026,5,19,131000,13.1
서울 구로구,신도림동,대림2,2001,신도림로,59.88,5,2026,5,14,120800,12.08
서울 구로구,신도림동,대림1,1999,신도림로,59.88,25,2026,5,12,120000,12.0
서울 구로구,신도림동,대림1,1999,신도림로,59.88,21,2026,5,7,126950,12.7
서울 구로구,신도림동,동아3,2000,신도림로,60.0,9,2026,5,7,132000,13.2
서울 구로구,신도림동,대림2,2001,신도림로,59.93,9,2026,5,6,129000,12.9
서울 구로구,구로동,신도림태영타운,2000,새말로,59.88,15,2026,5,5,126000,12.6
서울 구로구,신도림동,대림1,1999,신도림로,59.9,5,2026,5,1,118500,11.85
서울 구로구,신도림동,디큐브시티,2011,경인로,59.6,3,2026,6,30,111000,11.1
서울 구로구,신도림동,디큐브시티,2011,경인로,59.86,4,2026,6,14,114000,11.4
서울 구로구,신도림동,대림2,2001,신도림로,59.93,7,2026,6,30,125300,12.53
서울 구로구,신도림동,대림2,2001,신도림로,59.9,15,2026,6,27,134000,13.4
서울 구로구,신도림동,대림1,1999,신도림로,59.9,15,2026,6,15,133700,13.37
서울 구로구,신도림동,대림2,2001,신도림로,59.9,6,2026,6,17,131500,13.15
서울 구로구,신도림동,동아3,2000,신도림로,60.0,10,2026,6,17,145000,14.5
서울 구로구,신도림동,동아2,2000,경인로,59.595,17,2026,6,15,134500,13.45
서울 구로구,신도림동,대림1,1999,신도림로,59.88,16,2026,6,13,125000,12.5
서울 구로구,신도림동,대림1,1999,신도림로,59.88,9,2026,6,13,124000,12.4
서울 구로구,신도림동,대림1,1999,신도림로,59.88,21,2026,6,12,129500,12.95
서울 구로구,신도림동,대림1,1999,신도림로,59.9,14,2026,6,12,131000,13.1
서울 구로구,구로동,신도림태영타운,2000,새말로,59.88,2,2026,6,5,125000,12.5
서울 구로구,구로동,신도림태영타운,2000,새말로,59.88,13,2026,6,5,129500,12.95
서울 구로구,신도림동,동아2,2000,경인로,59.595,8,2026,7,29,135700,13.57
서울 구로구,신도림동,대림1,1999,신도림로,59.9,20,2026,7,25,135500,13.55
서울 구로구,구로동,신도림롯데아파트,1999,새말로,59.96,2,2026,7,25,110000,11.0
서울 구로구,신도림동,대림2,2001,신도림로,59.88,3,2026,7,22,130000,13.0
서울 구로구,신도림동,대림2,2001,신도림로,59.88,6,2026,7,20,124600,12.46
서울 구로구,신도림동,대림2,2001,신도림로,59.88,2,2026,7,20,119500,11.95
서울 구로구,신도림동,동아1,1999,신도림로,59.978,25,2026,7,16,140000,14.0
서울 구로구,신도림동,대림2,2001,신도림로,59.9,9,2026,7,15,139000,13.9
서울 구로구,신도림동,대림1,1999,신도림로,59.88,26,2026,7,12,126500,12.65
서울 구로구,신도림동,대림2,2001,신도림로,59.93,12,2026,7,11,126300,12.63
서울 구로구,신도림동,대림1,1999,신도림로,59.88,15,2026,7,11,128500,12.85
서울 구로구,구로동,신도림태영타운,2000,새말로,59.88,23,2026,7,10,133000,13.3
서울 구로구,신도림동,현대홈타운아파트,1999,신도림로19길,59.73,8,2026,7,9,113000,11.3
서울 구로구,신도림동,동아3,2000,신도림로,60.0,3,2026,7,8,140300,14.03
서울 구로구,구로동,신도림태영타운,2000,새말로,59.88,24,2026,7,7,132000,13.2
서울 구로구,신도림동,대림1,1999,신도림로,59.9,16,2026,7,6,132000,13.2
서울 구로구,신도림동,대림2,2001,신도림로,59.93,15,2026,7,6,126500,12.65
서울 구로구,신도림동,동아2,2000,경인로,59.595,17,2026,7,5,140000,14.0
서울 구로구,신도림동,대림2,2001,신도림로,59.88,8,2026,7,4,132000,13.2
서울 구로구,신도림동,대림1,1999,신도림로,59.88,3,2026,7,3,126000,12.6
서울 구로구,신도림동,대림1,1999,신도림로,59.9,6,2026,7,2,130000,13.0
서울 구로구,신도림동,동아1,1999,신도림로,59.978,21,2026,7,1,141000,14.1
서울 영등포구,양평동5가,양평한신,1996,양평로24길,59.94,9,2026,1,28,115000,11.5
서울 영등포구,영등포동7가,포레나영등포센트럴,2020,국회대로50길,59.8976,5,2026,1,29,137000,13.7
서울 영등포구,신길동,래미안영등포프레비뉴,2015,가마산로,59.99,2,2026,1,31,149000,14.9
서울 영등포구,당산동1가,진로,1997,당산로,59.4,7,2026,1,30,115700,11.57
서울 영등포구,양평동3가,양평현대6차,2000,선유로,59.98,8,2026,1,28,126000,12.6
서울 영등포구,양평동5가,양평한신,1996,양평로24길,59.94,10,2026,1,28,120000,12.0
서울 영등포구,당산동4가,당산현대3차,1988,당산로41길,59.26,14,2026,1,27,134500,13.45
서울 영등포구,문래동3가,문래공원한신,1988,문래로20길,58.96,7,2026,1,24,116500,11.65
서울 영등포구,신길동,신길센트럴아이파크,2019,가마산로,59.98,25,2026,1,27,150000,15.0
서울 영등포구,양평동5가,양평한신,1996,양평로24길,59.94,8,2026,1,26,120000,12.0
서울 영등포구,대림동,e편한세상영등포아델포레,2020,신길로,59.968,15,2026,1,19,140000,14.0
서울 영등포구,당산동4가,당산현대5차,2000,당산로42길,59.55,9,2026,1,23,150000,15.0
서울 영등포구,영등포동,영등포푸르지오,2002,도신로29길,59.912,5,2026,1,22,143000,14.3
서울 영등포구,문래동6가,e편한세상 문래 에듀플라츠,2020,선유서로,59.9854,9,2026,1,21,129500,12.95
서울 영등포구,신길동,더샵파크프레스티지,2022,가마산로79길,59.8635,10,2026,1,3,137500,13.75
서울 영등포구,당산동4가,당산현대5차,2000,당산로42길,59.75,16,2026,1,19,150000,15.0
서울 영등포구,문래동6가,e편한세상 문래 에듀플라츠,2020,선유서로,59.9854,11,2026,1,18,129500,12.95
서울 영등포구,당산동4가,당산삼성2차,1997,당산로36길,59.76,16,2026,1,16,120000,12.0
서울 영등포구,신길동,보라매경남아너스빌,2005,여의대방로,59.78,12,2026,1,13,113000,11.3
서울 영등포구,영등포동,영등포푸르지오,2002,도신로29길,59.912,17,2026,1,7,137000,13.7
서울 영등포구,당산동4가,당산현대3차,1988,당산로41길,59.26,2,2026,1,7,133000,13.3
서울 영등포구,당산동5가,당산효성1차,1999,당산로42길,59.85,1,2026,1,2,148000,14.8
서울 영등포구,양평동5가,양평한신,1996,양평로24길,59.94,3,2026,2,21,128000,12.8
서울 영등포구,영등포동2가,센트레빌아스테리움영등포아파트,2024,영등포로53길,59.9953,16,2026,2,24,131000,13.1
서울 영등포구,영등포동,영등포푸르지오,2002,도신로29길,59.912,9,2026,2,13,145500,14.55
서울 영등포구,양평동5가,양평한신,1996,양평로24길,59.94,6,2026,2,21,134000,13.4
서울 영등포구,양평동4가,삼호한숲,2000,선유로47길,59.9,17,2026,2,24,119000,11.9
서울 영등포구,양평동5가,양평한신,1996,양평로24길,59.94,2,2026,2,6,110000,11.0
서울 영등포구,당산동4가,당산현대3차,1988,당산로41길,59.26,2,2026,2,23,138000,13.8
서울 영등포구,신길동,신길센트럴자이아파트,2021,신길로29길,59.98,17,2026,2,13,131000,13.1
서울 영등포구,문래동3가,문래공원한신,1988,문래로20길,58.96,8,2026,2,13,126000,12.6
서울 영등포구,양평동3가,양평현대6차,2000,선유로,59.98,18,2026,2,19,136000,13.6
서울 영등포구,양평동3가,양평현대6차,2000,선유로,59.98,5,2026,2,19,116000,11.6
서울 영등포구,양평동1가,영등포중흥에스클래스,2021,선유서로24길,59.96,12,2026,2,14,134000,13.4
서울 영등포구,양평동1가,영등포중흥에스클래스,2021,선유서로24길,59.96,17,2026,2,13,145000,14.5
서울 영등포구,양평동3가,양평현대6차,2000,선유로,59.98,9,2026,2,10,132000,13.2
서울 영등포구,당산동1가,신동아파밀리에,2008,영신로33길,59.4,6,2026,2,10,111000,11.1
서울 영등포구,영등포동8가,삼환,1999,영중로,59.91,7,2026,2,11,133000,13.3
서울 영등포구,신길동,한성,1997,가마산로,59.87,17,2026,2,9,114500,11.45
서울 영등포구,양평동3가,양평현대6차,2000,선유로,59.98,7,2026,2,8,123500,12.35
서울 영등포구,당산동4가,한강아파트,1999,영신로57길,59.4,13,2026,2,7,120000,12.0
서울 영등포구,영등포동,영등포푸르지오,2002,도신로29길,59.912,16,2026,2,7,150000,15.0
서울 영등포구,대림동,e편한세상영등포아델포레,2020,신길로,59.968,6,2026,2,6,137000,13.7
서울 영등포구,양평동3가,양평현대6차,2000,선유로,59.98,20,2026,2,5,125000,12.5
서울 영등포구,문래동3가,문래공원한신,1988,문래로20길,58.96,7,2026,2,4,120000,12.0
서울 영등포구,영등포동2가,센트레빌아스테리움영등포아파트,2024,영등포로53길,59.9953,16,2026,2,4,130000,13.0
서울 영등포구,영등포동,영등포푸르지오,2002,도신로29길,59.912,1,2026,2,2,140000,14.0
서울 영등포구,도림동,영등포아트자이,2014,도영로,59.999,13,2026,3,31,149500,14.95
서울 영등포구,문래동3가,문래공원한신,1988,문래로20길,58.96,4,2026,3,30,127000,12.7
서울 영등포구,양평동5가,양평한신,1996,양평로24길,59.94,13,2026,3,29,133000,13.3
서울 영등포구,영등포동,영등포푸르지오,2002,도신로29길,59.912,21,2026,3,28,150000,15.0
서울 영등포구,신길동,삼환,1997,여의대방로43나길,59.53,10,2026,3,26,125500,12.55
서울 영등포구,당산동4가,당산삼성2차,1997,당산로36길,59.76,10,2026,3,26,130000,13.0
서울 영등포구,영등포동7가,포레나영등포센트럴,2020,국회대로50길,59.8976,27,2026,3,25,140000,14.0
서울 영등포구,신길동,더샵파크프레스티지,2022,가마산로79길,59.8995,17,2026,3,25,150000,15.0
서울 영등포구,대림동,현대3차,1997,도신로,59.83,26,2026,3,21,118500,11.85
서울 영등포구,영등포동,영등포푸르지오,2002,도신로29길,59.912,5,2026,3,21,149500,14.95
서울 영등포구,영등포동,두산위브,2004,신길로60나길,59.8,11,2026,3,20,111000,11.1
서울 영등포구,당산동4가,당산금호어울림,2002,국회대로37길,59.91,6,2026,3,20,150000,15.0
서울 영등포구,영등포동8가,삼환,1999,영중로,59.91,20,2026,3,18,139700,13.97
서울 영등포구,양평동5가,양평한신,1996,양평로24길,59.94,8,2026,3,18,133000,13.3
서울 영등포구,신길동,삼성래미안,2001,신길로42길,59.54,9,2026,3,17,110000,11.0
서울 영등포구,양평동5가,양평한신,1996,양평로24길,59.94,19,2026,3,10,138000,13.8
서울 영등포구,영등포동8가,삼환,1999,영중로,59.91,7,2026,3,14,138500,13.85
서울 영등포구,신길동,삼성래미안,2001,신길로42길,59.33,5,2026,3,15,110000,11.0
서울 영등포구,대림동,현대3차,1997,도신로,59.83,22,2026,3,15,113000,11.3
서울 영등포구,대림동,현대3차,1997,도신로,59.83,23,2026,3,14,113200,11.32
서울 영등포구,당산동4가,한강아파트,1999,영신로57길,59.4,20,2026,3,12,127500,12.75
서울 영등포구,신길동,한성,1997,가마산로,59.87,5,2026,3,11,119500,11.95
서울 영등포구,당산동4가,한강아파트,1999,영신로57길,59.4,4,2026,3,10,119000,11.9
서울 영등포구,영등포동7가,포레나영등포센트럴,2020,국회대로50길,59.8976,18,2026,3,9,144000,14.4
서울 영등포구,신길동,삼환,1997,여의대방로43나길,59.53,12,2026,3,9,124000,12.4
서울 영등포구,신길동,삼환,1997,여의대방로43나길,59.53,19,2026,3,7,120000,12.0
서울 영등포구,대림동,현대3차,1997,도신로,59.83,16,2026,3,6,111000,11.1
서울 영등포구,당산동4가,당산현대3차,1988,당산로41길,59.26,14,2026,4,1,144000,14.4
서울 영등포구,당산동4가,당산현대5차,2000,당산로42길,59.85,1,2026,4,24,146600,14.66
서울 영등포구,신길동,삼성래미안,2001,신길로42길,59.33,16,2026,4,11,114750,11.47
서울 영등포구,양평동5가,양평한신,1996,양평로24길,59.94,14,2026,4,28,134000,13.4
서울 영등포구,신길동,더샵파크프레스티지,2022,가마산로79길,59.8635,13,2026,4,30,149500,14.95
서울 영등포구,영등포동,영등포푸르지오,2002,도신로29길,59.912,8,2026,4,30,147300,14.73
서울 영등포구,문래동6가,e편한세상 문래 에듀플라츠,2020,선유서로,59.9854,15,2026,4,17,136000,13.6
서울 영등포구,양평동2가,삼성래미안,1998,영등포로3길,59.4,4,2026,4,28,112800,11.28
서울 영등포구,양평동1가,영등포중흥에스클래스,2021,선유서로24길,59.97,14,2026,4,27,139000,13.9
서울 영등포구,신길동,더샵파크프레스티지,2022,가마산로79길,59.8635,11,2026,4,27,148000,14.8
서울 영등포구,신길동,더샵파크프레스티지,2022,가마산로79길,59.8635,13,2026,4,27,148500,14.85
서울 영등포구,양평동5가,양평한신,1996,양평로24길,59.94,16,2026,4,27,133000,13.3
서울 영등포구,당산동1가,진로,1997,당산로,59.4,14,2026,4,16,125000,12.5
서울 영등포구,영등포동2가,센트레빌아스테리움영등포아파트,2024,영등포로53길,59.9953,20,2026,4,25,131000,13.1
서울 영등포구,양평동5가,양평한신,1996,양평로24길,59.94,18,2026,4,26,130000,13.0
서울 영등포구,양평동5가,양평한신,1996,양평로24길,59.94,7,2026,4,26,133000,13.3
서울 영등포구,당산동5가,성원,1997,양평로,59.94,12,2026,4,25,112000,11.2
서울 영등포구,영등포동,두산위브,2004,신길로60나길,59.8,2,2026,4,25,115000,11.5
서울 영등포구,신길동,삼성래미안,2001,신길로42길,59.33,12,2026,4,11,112000,11.2
서울 영등포구,당산동1가,신동아파밀리에,2008,영신로33길,59.4,10,2026,4,24,114000,11.4
서울 영등포구,대림동,현대3차,1997,도신로,59.83,19,2026,4,24,113000,11.3
서울 영등포구,문래동3가,문래건영,1998,문래로,59.4,9,2026,4,24,116000,11.6
서울 영등포구,신길동,삼환,1997,여의대방로43나길,59.53,3,2026,4,24,115000,11.5
서울 영등포구,신길동,한성,1997,가마산로,59.87,5,2026,4,2,119000,11.9
서울 영등포구,대림동,현대3차,1997,도신로,59.83,6,2026,4,24,114000,11.4
서울 영등포구,영등포동2가,센트레빌아스테리움영등포아파트,2024,영등포로53길,59.9953,15,2026,4,24,131000,13.1
서울 영등포구,당산동4가,한강아파트,1999,영신로57길,59.4,17,2026,4,22,117000,11.7
서울 영등포구,신길동,삼성래미안,2001,신길로42길,59.33,15,2026,4,21,115500,11.55
서울 영등포구,신길동,삼환,1997,여의대방로43나길,59.53,19,2026,4,21,123000,12.3
서울 영등포구,문래동3가,문래공원한신,1988,문래로20길,58.96,14,2026,4,21,128000,12.8
서울 영등포구,신길동,힐스테이트클래시안,2020,신길로28길,59.91,9,2026,4,3,128000,12.8
서울 영등포구,양평동2가,삼성래미안,1998,영등포로3길,59.4,6,2026,4,20,112900,11.29
서울 영등포구,신길동,신길자이,2011,가마산로79길,59.99,11,2026,4,20,110000,11.0
서울 영등포구,양평동3가,거성파스텔,1999,선유로43가길,59.96,15,2026,4,20,133000,13.3
서울 영등포구,영등포동,영등포푸르지오,2002,도신로29길,59.912,2,2026,4,18,142000,14.2
서울 영등포구,양평동3가,양평현대6차,2000,선유로,59.98,15,2026,4,17,140500,14.05
서울 영등포구,당산동5가,성원,1997,양평로,59.94,4,2026,4,17,115500,11.55
서울 영등포구,대림동,코오롱,1998,도영로,59.94,25,2026,4,17,112000,11.2
서울 영등포구,영등포동2가,센트레빌아스테리움영등포아파트,2024,영등포로53길,59.9953,26,2026,4,16,131000,13.1
서울 영등포구,양평동5가,양평한신,1996,양평로24길,59.94,12,2026,4,16,134600,13.46
서울 영등포구,영등포동,두산위브,2004,신길로60나길,59.8,15,2026,4,15,115000,11.5
서울 영등포구,양평동3가,양평현대6차,2000,선유로,59.98,3,2026,4,13,136000,13.6
서울 영등포구,신길동,더샵파크프레스티지,2022,가마산로79길,59.8635,9,2026,4,11,128000,12.8
서울 영등포구,신길동,더샵파크프레스티지,2022,가마산로79길,59.8943,4,2026,4,10,150000,15.0
서울 영등포구,영등포동2가,센트레빌아스테리움영등포아파트,2024,영등포로53길,59.9953,29,2026,4,9,131500,13.15
서울 영등포구,대림동,e편한세상영등포아델포레,2020,신길로,59.968,7,2026,4,4,136000,13.6
서울 영등포구,신길동,삼환,1997,여의대방로43나길,59.53,15,2026,4,2,124000,12.4
서울 영등포구,양평동2가,삼성래미안,1998,영등포로3길,59.4,15,2026,4,2,110000,11.0
서울 영등포구,문래동6가,e편한세상 문래 에듀플라츠,2020,선유서로,59.9854,5,2026,5,25,133000,13.3
서울 영등포구,양평동2가,삼성래미안,1998,영등포로3길,59.4,12,2026,5,19,110000,11.0
서울 영등포구,신길동,힐스테이트클래시안,2020,신길로28길,59.91,9,2026,5,12,145000,14.5
서울 영등포구,신길동,더샵파크프레스티지,2022,가마산로79길,59.8635,11,2026,5,30,149000,14.9
서울 영등포구,신길동,더샵파크프레스티지,2022,가마산로79길,59.8635,24,2026,5,16,149500,14.95
서울 영등포구,당산동1가,진로,1997,당산로,59.4,7,2026,5,31,130000,13.0
서울 영등포구,영등포동8가,삼환,1999,영중로,59.91,9,2026,5,30,143000,14.3
서울 영등포구,신길동,더샵파크프레스티지,2022,가마산로79길,59.8635,7,2026,5,30,146500,14.65
서울 영등포구,양평동5가,양평한신,1996,양평로24길,59.94,16,2026,5,29,137000,13.7
서울 영등포구,영등포동,두산위브,2004,신길로60나길,59.8,12,2026,5,23,113000,11.3
서울 영등포구,신길동,경남,1999,영등포로,59.96,19,2026,5,25,111000,11.1
서울 영등포구,신길동,더샵파크프레스티지,2022,가마산로79길,59.8995,3,2026,5,25,145000,14.5
서울 영등포구,대림동,e편한세상영등포아델포레,2020,신길로,59.968,17,2026,5,25,140000,14.0
서울 영등포구,신길동,더샵파크프레스티지,2022,가마산로79길,59.8635,11,2026,5,24,148500,14.85
서울 영등포구,신길동,더샵파크프레스티지,2022,가마산로79길,59.8943,3,2026,5,23,141000,14.1
서울 영등포구,당산동,래미안당산1차,1995,당산로54길,59.97,6,2026,5,22,145000,14.5
서울 영등포구,영등포동7가,경남아너스빌,1998,양산로,59.9,6,2026,5,16,135300,13.53
서울 영등포구,신길동,삼환,1997,여의대방로43나길,59.53,12,2026,5,16,122000,12.2
서울 영등포구,문래동3가,문래공원한신,1988,문래로20길,58.96,1,2026,5,16,120000,12.0
서울 영등포구,대림동,현대3차,1997,도신로,59.83,11,2026,5,15,125000,12.5
서울 영등포구,신길동,삼성래미안,2001,신길로42길,59.33,4,2026,5,15,112500,11.25
서울 영등포구,당산동1가,진로,1997,당산로,59.4,8,2026,5,4,115000,11.5
서울 영등포구,신길동,신길자이,2011,가마산로79길,59.99,7,2026,5,8,122700,12.27
서울 영등포구,신길동,경남,1999,영등포로,59.96,12,2026,5,9,112000,11.2
서울 영등포구,영등포동2가,센트레빌아스테리움영등포아파트,2024,영등포로53길,59.9953,17,2026,5,7,132000,13.2
서울 영등포구,신길동,더샵파크프레스티지,2022,가마산로79길,59.8943,6,2026,5,6,148000,14.8
서울 영등포구,신길동,한성,1997,가마산로,59.87,6,2026,5,5,119500,11.95
서울 영등포구,대림동,e편한세상영등포아델포레,2020,신길로,59.9792,16,2026,5,4,143000,14.3
서울 영등포구,영등포동8가,삼환,1999,영중로,59.91,16,2026,5,1,144000,14.4
서울 영등포구,당산동5가,성원,1997,양평로,59.94,5,2026,5,1,113000,11.3
서울 영등포구,양평동3가,양평현대6차,2000,선유로,59.98,10,2026,5,1,133000,13.3
서울 영등포구,신길동,삼환,1997,여의대방로43나길,59.53,8,2026,5,1,125000,12.5
서울 영등포구,양평동5가,양평한신,1996,양평로24길,59.94,13,2026,6,28,134700,13.47
서울 영등포구,영등포동8가,삼환,1999,영중로,59.91,14,2026,6,30,147500,14.75
서울 영등포구,양평동4가,경남아너스빌,2000,양평로17길,59.84,4,2026,6,25,110000,11.0
서울 영등포구,신길동,더샵파크프레스티지,2022,가마산로79길,59.8635,9,2026,6,29,148000,14.8
서울 영등포구,신길동,한성,1997,가마산로,59.87,21,2026,6,29,128000,12.8
서울 영등포구,양평동5가,양평한신,1996,양평로24길,59.94,17,2026,6,27,138500,13.85
서울 영등포구,양평동5가,양평한신,1996,양평로24길,59.94,16,2026,6,27,134500,13.45
서울 영등포구,영등포동,두산위브,2004,신길로60나길,59.8,10,2026,6,27,119500,11.95
서울 영등포구,영등포동8가,삼환,1999,영중로,59.91,5,2026,6,26,147000,14.7
서울 영등포구,당산동,래미안당산1차,1995,당산로54길,59.97,3,2026,6,26,142000,14.2
서울 영등포구,신길동,보라매경남아너스빌,2005,여의대방로,59.78,5,2026,6,24,127000,12.7
서울 영등포구,문래동2가,남성,1983,경인로77길,58.52,3,2026,6,23,115500,11.55
서울 영등포구,당산동4가,당산삼성2차,1997,당산로36길,59.76,8,2026,6,18,137000,13.7
서울 영등포구,문래동2가,남성,1983,경인로77길,58.52,8,2026,6,21,119000,11.9
서울 영등포구,신길동,더샵파크프레스티지,2022,가마산로79길,59.8995,3,2026,6,21,149500,14.95
서울 영등포구,양평동3가,양평현대6차,2000,선유로,59.98,5,2026,6,18,137800,13.78
서울 영등포구,대림동,e편한세상영등포아델포레,2020,신길로,59.968,16,2026,6,13,145000,14.5
서울 영등포구,영등포동8가,삼환,1999,영중로,59.91,19,2026,6,11,147000,14.7
서울 영등포구,대림동,e편한세상영등포아델포레,2020,신길로,59.968,10,2026,6,16,145000,14.5
서울 영등포구,신길동,더샵파크프레스티지,2022,가마산로79길,59.8635,2,2026,6,15,147500,14.75
서울 영등포구,대림동,코오롱,1998,도영로,59.94,20,2026,6,12,115000,11.5
서울 영등포구,대림동,코오롱,1998,도영로,59.94,19,2026,6,12,113000,11.3
서울 영등포구,양평동2가,삼성래미안,1998,영등포로3길,59.4,22,2026,6,11,120600,12.06
서울 영등포구,신길동,삼환,1997,여의대방로43나길,59.53,10,2026,6,11,129000,12.9
서울 영등포구,양평동3가,양평현대6차,2000,선유로,59.98,6,2026,6,10,136000,13.6
서울 영등포구,양평동5가,양평한신,1996,양평로24길,59.94,16,2026,6,10,138500,13.85
서울 영등포구,대림동,현대3차,1997,도신로,59.83,23,2026,6,10,123500,12.35
서울 영등포구,양평동3가,양평현대6차,2000,선유로,59.98,7,2026,6,10,136000,13.6
서울 영등포구,문래동2가,남성,1983,경인로77길,58.52,15,2026,6,9,114000,11.4
서울 영등포구,당산동4가,현대2,1986,국회대로29길,59.0,6,2026,6,5,118500,11.85
서울 영등포구,문래동6가,e편한세상 문래 에듀플라츠,2020,선유서로,59.9854,11,2026,6,3,133000,13.3
서울 영등포구,영등포동7가,경남아너스빌,1998,양산로,59.9,1,2026,6,1,129000,12.9
서울 영등포구,신길동,건영,1985,도림로,60.27,12,2026,7,20,120000,12.0
서울 영등포구,신길동,경남,1999,영등포로,59.96,14,2026,7,25,115000,11.5
서울 영등포구,신길동,신길자이,2011,가마산로79길,59.99,10,2026,7,23,128000,12.8
서울 영등포구,문래동3가,문래공원한신,1988,문래로20길,58.96,15,2026,7,22,133000,13.3
서울 영등포구,대림동,현대3차,1997,도신로,59.83,2,2026,7,16,123000,12.3
서울 영등포구,신길동,삼성래미안,2001,신길로42길,59.33,16,2026,7,20,123800,12.38
서울 영등포구,문래동6가,e편한세상 문래 에듀플라츠,2020,선유서로,59.97,6,2026,7,16,149500,14.95
서울 영등포구,대림동,코오롱,1998,도영로,59.94,23,2026,7,17,123000,12.3
서울 영등포구,신길동,삼성래미안,2001,신길로42길,59.33,5,2026,7,17,126000,12.6
서울 영등포구,양평동2가,삼성래미안,1998,영등포로3길,59.4,19,2026,7,7,110000,11.0
서울 영등포구,양평동3가,양평현대6차,2000,선유로,59.98,8,2026,7,12,140000,14.0
서울 영등포구,문래동3가,문래공원한신,1988,문래로20길,58.96,3,2026,7,11,131000,13.1
서울 영등포구,양평동3가,거성파스텔,1999,선유로43가길,59.96,17,2026,7,10,135500,13.55
서울 영등포구,신길동,더샵파크프레스티지,2022,가마산로79길,59.8995,11,2026,7,10,150000,15.0
서울 영등포구,양평동3가,양평현대6차,2000,선유로,59.98,8,2026,7,10,138500,13.85
서울 영등포구,신길동,삼환,1997,여의대방로43나길,59.53,11,2026,7,11,131000,13.1
서울 영등포구,대림동,코오롱,1998,도영로,59.94,13,2026,7,9,116000,11.6
서울 영등포구,문래동3가,문래건영,1998,문래로,59.4,10,2026,7,9,118000,11.8
서울 영등포구,신길동,삼환,1997,여의대방로43나길,59.53,9,2026,7,8,128000,12.8
서울 영등포구,대림동,e편한세상영등포아델포레,2020,신길로,59.968,8,2026,7,8,146500,14.65
서울 영등포구,당산동1가,진로,1997,당산로,59.4,16,2026,7,8,134500,13.45
서울 영등포구,신길동,보라매경남아너스빌,2005,여의대방로,59.78,3,2026,7,7,126500,12.65
서울 영등포구,양평동5가,양평한신,1996,양평로24길,59.94,10,2026,7,7,132800,13.28
서울 영등포구,당산동4가,당산삼성2차,1997,당산로36길,59.76,16,2026,7,2,146500,14.65
서울 영등포구,신길동,경남,1999,영등포로,59.96,10,2026,7,1,117500,11.75
서울 영등포구,양평동5가,양평한신,1996,양평로24길,59.94,15,2026,7,1,136000,13.6
서울 동작구,사당동,극동(105),1993,동작대로29길,59.25,7,2026,1,30,147500,14.75
서울 동작구,상도동,상도동래미안1차,2004,등용로,59.828,12,2026,1,30,129000,12.9
서울 동작구,노량진동,우성,1997,만양로8길,59.82,10,2026,1,31,131500,13.15
서울 동작구,사당동,대림(169-8),1990,사당로17길,59.67,11,2026,1,31,150000,15.0
서울 동작구,사당동,신동아4,1993,동작대로29길,59.89,2,2026,1,29,150000,15.0
서울 동작구,본동,삼성래미안,2004,매봉로,59.9843,2,2026,1,28,143000,14.3
서울 동작구,흑석동,흑석동양아파트,2003,서달로1길,59.511,10,2026,1,27,132000,13.2
서울 동작구,신대방동,보라매자이더포레스트,2021,여의대방로22길,59.9365,6,2026,1,24,147900,14.79
서울 동작구,사당동,사당롯데캐슬골든포레,2021,사당로,59.9908,2,2026,1,23,147000,14.7
서울 동작구,사당동,사당롯데캐슬골든포레,2021,사당로,59.978,1,2026,1,19,128000,12.8
서울 동작구,신대방동,보라매자이더포레스트,2021,여의대방로22길,59.9365,25,2026,1,17,150000,15.0
서울 동작구,사당동,신동아5,1998,동작대로29길,59.67,8,2026,1,17,120000,12.0
서울 동작구,대방동,대방동현대,1994,등용로,59.84,9,2026,1,16,118000,11.8
서울 동작구,대방동,대림아파트,1993,여의대방로44길,59.84,14,2026,1,16,142000,14.2
서울 동작구,흑석동,흑석동양아파트,2003,서달로1길,59.511,12,2026,1,12,128000,12.8
서울 동작구,대방동,대림아파트,1993,여의대방로44길,59.84,8,2026,1,13,138000,13.8
서울 동작구,본동,삼성래미안,2004,매봉로,59.9843,8,2026,1,12,141000,14.1
서울 동작구,흑석동,우리유앤미,2003,서달로,59.9404,16,2026,1,10,114500,11.45
서울 동작구,신대방동,보라매자이더포레스트,2021,여의대방로22길,59.9459,16,2026,1,8,142000,14.2
서울 동작구,대방동,대림아파트,1993,여의대방로44길,59.84,16,2026,1,5,140000,14.0
서울 동작구,사당동,사당롯데캐슬골든포레,2021,사당로,59.9775,11,2026,1,3,150000,15.0
서울 동작구,노량진동,신동아리버파크,2001,만양로,59.67,4,2026,2,21,146000,14.6
서울 동작구,노량진동,우성,1997,만양로8길,59.82,13,2026,2,4,133000,13.3
서울 동작구,흑석동,흑석동양아파트,2003,서달로1길,59.511,13,2026,2,16,137000,13.7
서울 동작구,노량진동,신동아리버파크,2001,만양로,59.67,15,2026,2,21,145000,14.5
서울 동작구,대방동,주공2,1995,여의대방로44길,59.97,9,2026,2,7,135000,13.5
서울 동작구,대방동,대림아파트,1993,여의대방로44길,59.84,10,2026,2,28,147000,14.7
서울 동작구,사당동,사당자이,1999,사당로2가길,60.0,18,2026,2,28,121500,12.15
서울 동작구,사당동,사당자이,1999,사당로2가길,60.0,7,2026,2,28,119000,11.9
서울 동작구,사당동,사당자이,1999,사당로2가길,60.0,16,2026,2,27,122000,12.2
서울 동작구,대방동,주공2,1995,여의대방로44길,58.65,15,2026,2,14,136000,13.6
서울 동작구,대방동,현대홈타운2,1999,알마타길,59.89,3,2026,2,21,114700,11.47
서울 동작구,대방동,대림아파트,1993,여의대방로44길,59.84,6,2026,2,20,147000,14.7
서울 동작구,노량진동,신동아리버파크,2001,만양로,59.67,7,2026,2,20,143500,14.35
서울 동작구,노량진동,쌍용예가,2010,장승배기로16길,59.957,1,2026,2,12,138000,13.8
서울 동작구,노량진동,신동아리버파크,2001,만양로,59.67,24,2026,2,19,148000,14.8
서울 동작구,흑석동,우리유앤미,2003,서달로,59.9404,13,2026,2,19,116500,11.65
서울 동작구,사당동,극동(105),1993,동작대로29길,59.25,1,2026,2,14,150000,15.0
서울 동작구,대방동,대림아파트,1993,여의대방로44길,59.84,12,2026,2,13,145000,14.5
서울 동작구,노량진동,신동아리버파크,2001,만양로,59.67,19,2026,2,11,143000,14.3
서울 동작구,본동,삼성래미안,2004,매봉로,59.9843,2,2026,2,5,145000,14.5
서울 동작구,대방동,대방동현대,1994,등용로,59.84,22,2026,2,7,126000,12.6
서울 동작구,노량진동,신동아리버파크,2001,만양로,59.67,12,2026,2,5,144000,14.4
서울 동작구,상도동,삼성래미안2,2003,상도로55길,59.886,3,2026,3,22,133000,13.3
서울 동작구,대방동,대림아파트,1993,여의대방로44길,59.84,3,2026,3,26,147000,14.7
서울 동작구,사당동,사당롯데캐슬골든포레,2021,사당로,59.9908,7,2026,3,22,150000,15.0
서울 동작구,사당동,사당롯데캐슬골든포레,2021,사당로,59.9908,7,2026,3,20,150000,15.0
서울 동작구,사당동,사당롯데캐슬골든포레,2021,사당로,59.9908,10,2026,3,24,149900,14.99
서울 동작구,사당동,제일,1987,사당로16다길,60.03,8,2026,3,27,121000,12.1
서울 동작구,대방동,주공2,1995,여의대방로44길,58.65,11,2026,3,19,140000,14.0
서울 동작구,노량진동,신동아리버파크,2001,만양로,59.67,15,2026,3,31,145000,14.5
서울 동작구,상도동,상도동래미안1차,2004,등용로,59.828,8,2026,3,30,139500,13.95
서울 동작구,대방동,주공2,1995,여의대방로44길,59.97,9,2026,3,28,139000,13.9
서울 동작구,노량진동,우성,1997,만양로8길,59.82,7,2026,3,28,134500,13.45
서울 동작구,노량진동,신동아리버파크,2001,만양로,59.67,20,2026,3,28,146000,14.6
서울 동작구,노량진동,쌍용예가,2010,장승배기로16길,59.957,2,2026,3,27,149300,14.93
서울 동작구,본동,삼성래미안,2004,매봉로,59.9843,5,2026,3,26,143000,14.3
서울 동작구,사당동,사당롯데캐슬골든포레,2021,사당로,59.9908,8,2026,3,24,143000,14.3
서울 동작구,사당동,사당자이,1999,사당로2가길,59.89,1,2026,3,24,113500,11.35
서울 동작구,사당동,사당롯데캐슬골든포레,2021,사당로,59.9775,2,2026,3,22,140000,14.0
서울 동작구,사당동,사당롯데캐슬골든포레,2021,사당로,59.8557,5,2026,3,23,149800,14.98
서울 동작구,상도동,상도동래미안1차,2004,등용로,59.828,1,2026,3,5,129000,12.9
서울 동작구,상도동,삼성래미안2,2003,상도로55길,59.886,9,2026,3,6,129000,12.9
서울 동작구,흑석동,우리유앤미,2003,서달로,59.9404,14,2026,3,20,118000,11.8
서울 동작구,신대방동,한성아파트,1995,여의대방로10길,59.87,19,2026,3,21,115000,11.5
서울 동작구,대방동,대림아파트,1993,여의대방로44길,59.84,6,2026,3,20,150000,15.0
서울 동작구,대방동,현대홈타운2,1999,알마타길,59.89,2,2026,3,19,115000,11.5
서울 동작구,사당동,극동(105),1993,동작대로29길,59.25,1,2026,3,19,150000,15.0
서울 동작구,신대방동,보라매e편한세상,2010,보라매로,59.98,11,2026,3,16,118000,11.8
서울 동작구,노량진동,우성,1997,만양로8길,59.82,6,2026,3,13,143000,14.3
서울 동작구,노량진동,우성,1997,만양로8길,59.82,15,2026,3,11,144000,14.4
서울 동작구,신대방동,보라매e편한세상,2010,보라매로,59.98,15,2026,3,6,120000,12.0
서울 동작구,상도동,상도푸르지오클라베뉴,2024,성대로,59.8166,4,2026,3,5,142000,14.2
서울 동작구,대방동,대림아파트,1993,여의대방로44길,59.84,12,2026,3,3,148000,14.8
서울 동작구,사당동,신동아4,1993,동작대로29길,59.89,5,2026,4,19,150000,15.0
서울 동작구,본동,유원강변,2000,노량진로23가길,59.79,11,2026,4,20,140000,14.0
서울 동작구,사당동,제일,1987,사당로16다길,60.03,8,2026,4,27,122000,12.2
서울 동작구,상도동,힐스테이트 상도 센트럴파크,2012,상도로,59.7754,4,2026,4,20,133000,13.3
서울 동작구,신대방동,보라매e편한세상,2010,보라매로,59.98,12,2026,4,25,129500,12.95
서울 동작구,대방동,주공2,1995,여의대방로44길,59.97,5,2026,4,24,134500,13.45
서울 동작구,사당동,사당롯데캐슬골든포레,2021,사당로,59.9775,13,2026,4,23,147000,14.7
서울 동작구,노량진동,우성,1997,만양로8길,59.82,6,2026,4,2,135000,13.5
서울 동작구,흑석동,흑석동양아파트,2003,서달로1길,59.511,4,2026,4,11,130500,13.05
서울 동작구,노량진동,우성,1997,만양로8길,59.82,9,2026,4,22,136800,13.68
서울 동작구,사당동,극동(105),1993,동작대로29길,59.25,2,2026,4,15,138000,13.8
서울 동작구,대방동,주공2,1995,여의대방로44길,59.97,6,2026,4,18,130000,13.0
서울 동작구,사당동,제일,1987,사당로16다길,60.03,5,2026,4,18,114000,11.4
서울 동작구,노량진동,우성,1997,만양로8길,59.82,17,2026,4,17,141300,14.13
서울 동작구,사당동,극동(105),1993,동작대로29길,59.25,1,2026,4,16,147000,14.7
서울 동작구,상도동,중앙하이츠빌,2003,상도로,59.9388,3,2026,4,10,123500,12.35
서울 동작구,사당동,제일,1987,사당로16다길,60.03,5,2026,4,17,119000,11.9
서울 동작구,노량진동,신동아리버파크,2001,만양로,59.67,11,2026,4,4,146000,14.6
서울 동작구,신대방동,보라매자이더포레스트,2021,여의대방로22길,59.9365,13,2026,4,13,145000,14.5
서울 동작구,사당동,사당자이,1999,사당로2가길,59.89,12,2026,4,13,115000,11.5
서울 동작구,대방동,대림아파트,1993,여의대방로44길,59.84,19,2026,4,11,146500,14.65
서울 동작구,대방동,대림아파트,1993,여의대방로44길,59.84,5,2026,4,10,142000,14.2
서울 동작구,흑석동,흑석동양아파트,2003,서달로1길,59.511,8,2026,4,9,129000,12.9
서울 동작구,상도동,삼성래미안2,2003,상도로55길,59.886,4,2026,4,4,134000,13.4
서울 동작구,노량진동,신동아리버파크,2001,만양로,59.67,13,2026,4,4,148000,14.8
서울 동작구,노량진동,우성,1997,만양로8길,59.82,7,2026,4,3,135000,13.5
서울 동작구,대방동,대림아파트,1993,여의대방로44길,59.84,19,2026,4,2,146000,14.6
서울 동작구,본동,삼성래미안,2004,매봉로,59.9843,5,2026,4,3,148500,14.85
서울 동작구,대방동,현대홈타운2,1999,알마타길,59.89,12,2026,4,2,117000,11.7
서울 동작구,신대방동,한성아파트,1995,여의대방로10길,59.87,3,2026,4,2,112000,11.2
서울 동작구,상도동,상도푸르지오클라베뉴,2024,성대로,59.8166,16,2026,5,20,143000,14.3
서울 동작구,사당동,제일,1987,사당로16다길,60.03,10,2026,5,29,120000,12.0
서울 동작구,흑석동,청호,1997,서달로2길,59.85,5,2026,5,28,112000,11.2
서울 동작구,대방동,주공2,1995,여의대방로44길,58.65,5,2026,5,23,140000,14.0
서울 동작구,대방동,주공2,1995,여의대방로44길,59.97,14,2026,5,29,139500,13.95
서울 동작구,대방동,주공2,1995,여의대방로44길,59.97,12,2026,5,23,139000,13.9
서울 동작구,대방동,주공2,1995,여의대방로44길,58.65,4,2026,5,30,137000,13.7
서울 동작구,사당동,사당자이,1999,사당로2가길,60.0,1,2026,5,30,118000,11.8
서울 동작구,노량진동,힐스테이트장승배기역,2026,상도로,59.8057,12,2026,5,30,150000,15.0
서울 동작구,흑석동,청호,1997,서달로2길,59.85,6,2026,5,28,110000,11.0
서울 동작구,상도동,중앙하이츠빌,2003,상도로,59.9388,3,2026,5,26,134000,13.4
서울 동작구,상도동,삼성래미안2,2003,상도로55길,59.886,9,2026,5,25,143500,14.35
서울 동작구,노량진동,신동아리버파크,2001,만양로,59.67,25,2026,5,25,147500,14.75
서울 동작구,대방동,주공2,1995,여의대방로44길,58.65,1,2026,5,2,132000,13.2
서울 동작구,흑석동,청호,1997,서달로2길,59.85,9,2026,5,23,110000,11.0
서울 동작구,상도동,삼성래미안2,2003,상도로55길,59.886,9,2026,5,22,138000,13.8
서울 동작구,사당동,제일,1987,사당로16다길,60.03,10,2026,5,19,119000,11.9
서울 동작구,사당동,제일,1987,사당로16다길,60.03,7,2026,5,20,120000,12.0
서울 동작구,사당동,사당자이,1999,사당로2가길,59.89,3,2026,5,22,112000,11.2
서울 동작구,본동,신동아,1993,매봉로,59.89,11,2026,5,20,139000,13.9
서울 동작구,대방동,주공2,1995,여의대방로44길,59.97,9,2026,5,20,139800,13.98
서울 동작구,흑석동,우리유앤미,2003,서달로,59.6618,5,2026,5,19,110000,11.0
서울 동작구,대방동,대방동현대,1994,등용로,59.84,14,2026,5,14,118500,11.85
서울 동작구,흑석동,흑석동양아파트,2003,서달로1길,59.511,1,2026,5,12,126000,12.6
서울 동작구,대방동,대방동현대,1994,등용로,59.84,1,2026,5,12,113000,11.3
서울 동작구,흑석동,청호,1997,서달로2길,59.85,8,2026,5,8,117000,11.7
서울 동작구,노량진동,신동아리버파크,2001,만양로,59.67,2,2026,5,8,134500,13.45
서울 동작구,대방동,대림아파트,1993,여의대방로44길,59.84,10,2026,5,8,143000,14.3
서울 동작구,신대방동,한성아파트,1995,여의대방로10길,59.87,1,2026,5,8,110500,11.05
서울 동작구,흑석동,흑석동양아파트,2003,서달로1길,59.511,13,2026,5,8,143500,14.35
서울 동작구,흑석동,우리유앤미,2003,서달로,59.9404,2,2026,5,7,123000,12.3
서울 동작구,사당동,두산위브트레지움,2011,사당로13길,59.773,24,2026,5,7,120000,12.0
서울 동작구,사당동,사당자이,1999,사당로2가길,60.0,8,2026,5,6,121000,12.1
서울 동작구,노량진동,신동아리버파크,2001,만양로,59.67,12,2026,5,2,139000,13.9
서울 동작구,사당동,사당자이,1999,사당로2가길,59.89,11,2026,5,1,115000,11.5
서울 동작구,사당동,제일,1987,사당로16다길,60.03,6,2026,6,29,120000,12.0
서울 동작구,상도동,상도동래미안1차,2004,등용로,59.828,13,2026,6,23,134000,13.4
서울 동작구,신대방동,보라매e편한세상,2010,보라매로,59.98,10,2026,6,17,130000,13.0
서울 동작구,사당동,사당자이,1999,사당로2가길,59.89,7,2026,6,30,121700,12.17
서울 동작구,대방동,주공2,1995,여의대방로44길,59.97,1,2026,6,27,142000,14.2
서울 동작구,사당동,사당휴먼시아,2009,사당로16길,59.96,9,2026,6,22,115000,11.5
서울 동작구,사당동,사당자이,1999,사당로2가길,59.89,10,2026,6,27,120700,12.07
서울 동작구,대방동,대림아파트,1993,여의대방로44길,59.84,11,2026,6,26,147000,14.7
서울 동작구,사당동,제일,1987,사당로16다길,60.03,8,2026,6,23,119000,11.9
서울 동작구,사당동,사당자이,1999,사당로2가길,60.0,16,2026,6,20,122300,12.23
서울 동작구,사당동,사당자이,1999,사당로2가길,60.0,13,2026,6,19,120000,12.0
서울 동작구,사당동,제일,1987,사당로16다길,60.03,8,2026,6,17,117000,11.7
서울 동작구,흑석동,우리유앤미,2003,서달로,59.6618,8,2026,6,16,119000,11.9
서울 동작구,노량진동,우성,1997,만양로8길,59.82,3,2026,6,15,144500,14.45
서울 동작구,노량진동,우성,1997,만양로8길,59.82,13,2026,6,6,140000,14.0
서울 동작구,사당동,제일,1987,사당로16다길,60.03,3,2026,7,8,124500,12.45
서울 동작구,노량진동,우성,1997,만양로8길,59.82,10,2026,7,18,147700,14.77
서울 동작구,대방동,주공2,1995,여의대방로44길,58.65,15,2026,7,17,138000,13.8
서울 동작구,사당동,사당자이,1999,사당로2가길,59.89,10,2026,7,16,122800,12.28
서울 동작구,본동,삼성래미안,2004,매봉로,59.9843,5,2026,7,11,148000,14.8
서울 동작구,사당동,제일,1987,사당로16다길,60.03,4,2026,7,12,122000,12.2
서울 동작구,대방동,대림아파트,1993,여의대방로44길,59.84,13,2026,7,8,147000,14.7
서울 관악구,봉천동,e편한세상서울대입구2차,2020,참숯1길,59.85,5,2026,1,10,123000,12.3
서울 관악구,봉천동,e편한세상서울대입구1단지,2019,청룡10길,59.9,7,2026,2,21,137800,13.78
서울 관악구,봉천동,관악푸르지오,2004,관악로30길,59.58,7,2026,2,21,110000,11.0
서울 관악구,봉천동,두산,2000,봉천로,59.92,3,2026,2,13,115000,11.5
서울 관악구,봉천동,관악푸르지오,2004,관악로30길,59.58,22,2026,2,14,115000,11.5
서울 관악구,봉천동,e편한세상서울대입구1단지,2019,청룡10길,59.9,8,2026,2,9,135000,13.5
서울 관악구,봉천동,두산,2000,봉천로,59.92,13,2026,2,4,118000,11.8
서울 관악구,봉천동,두산,2000,봉천로,59.92,18,2026,2,6,110400,11.04
서울 관악구,봉천동,두산,2000,봉천로,59.92,9,2026,2,2,112000,11.2
서울 관악구,신림동,힐스테이트뉴포레,2022,조원로,59.9882,11,2026,3,3,145000,14.5
서울 관악구,신림동,힐스테이트뉴포레,2022,조원로,59.9986,16,2026,3,18,139000,13.9
서울 관악구,봉천동,관악푸르지오,2004,관악로30길,59.58,12,2026,3,29,114000,11.4
서울 관악구,봉천동,두산,2000,봉천로,59.92,11,2026,3,28,122000,12.2
서울 관악구,봉천동,관악푸르지오,2004,관악로30길,59.58,11,2026,3,28,114000,11.4
서울 관악구,봉천동,관악드림(삼성),2003,성현로,59.83,17,2026,3,28,119000,11.9
서울 관악구,봉천동,두산,2000,봉천로,59.92,5,2026,3,27,112000,11.2
서울 관악구,봉천동,두산,2000,봉천로,59.92,15,2026,3,24,123900,12.39
서울 관악구,봉천동,두산,2000,봉천로,59.92,7,2026,3,21,113500,11.35
서울 관악구,봉천동,두산,2000,봉천로,59.92,11,2026,3,19,115000,11.5
서울 관악구,봉천동,e편한세상서울대입구2차,2020,참숯1길,59.85,10,2026,3,17,128000,12.8
서울 관악구,봉천동,두산,2000,봉천로,59.89,23,2026,3,17,112000,11.2
서울 관악구,봉천동,관악푸르지오,2004,관악로30길,59.58,13,2026,3,14,115500,11.55
서울 관악구,신림동,힐스테이트뉴포레,2022,조원로,59.9882,22,2026,3,9,140000,14.0
서울 관악구,봉천동,관악동부센트레빌,2004,은천로33길,59.8,10,2026,3,8,114500,11.45
서울 관악구,봉천동,관악드림(동아),2003,성현로,60.0,8,2026,3,7,112000,11.2
서울 관악구,봉천동,관악푸르지오,2004,관악로30길,59.58,18,2026,3,7,110000,11.0
서울 관악구,신림동,힐스테이트뉴포레,2022,조원로,59.9986,33,2026,3,3,130000,13.0
서울 관악구,봉천동,e편한세상서울대입구2차,2020,참숯1길,59.85,10,2026,4,17,132000,13.2
서울 관악구,봉천동,두산,2000,봉천로,59.92,12,2026,4,29,121000,12.1
서울 관악구,봉천동,관악푸르지오,2004,관악로30길,59.58,19,2026,4,27,114000,11.4
서울 관악구,신림동,힐스테이트뉴포레,2022,조원로,59.9986,26,2026,4,26,134000,13.4
서울 관악구,신림동,힐스테이트뉴포레,2022,조원로,59.9882,19,2026,4,25,136400,13.64
서울 관악구,봉천동,e편한세상서울대입구2단지,2019,청룡16길,59.9,13,2026,4,25,129000,12.9
서울 관악구,봉천동,e편한세상서울대입구2단지,2019,청룡16길,59.9,3,2026,4,25,130500,13.05
서울 관악구,봉천동,두산,2000,봉천로,59.89,15,2026,4,23,121000,12.1
서울 관악구,신림동,힐스테이트뉴포레,2022,조원로,59.9882,10,2026,4,21,136000,13.6
서울 관악구,봉천동,e편한세상서울대입구1단지,2019,청룡10길,59.9,18,2026,4,20,138000,13.8
서울 관악구,봉천동,두산,2000,봉천로,59.92,9,2026,4,18,118000,11.8
서울 관악구,봉천동,관악푸르지오,2004,관악로30길,59.58,4,2026,4,18,112800,11.28
서울 관악구,신림동,힐스테이트뉴포레,2022,조원로,59.9882,10,2026,4,18,139000,13.9
서울 관악구,봉천동,관악드림(동아),2003,성현로,60.0,11,2026,4,18,116600,11.66
서울 관악구,봉천동,관악드림(삼성),2003,성현로,59.83,14,2026,4,17,115500,11.55
서울 관악구,봉천동,관악푸르지오,2004,관악로30길,59.58,8,2026,4,15,112500,11.25
서울 관악구,봉천동,e편한세상서울대입구2단지,2019,청룡16길,59.9,4,2026,4,15,126500,12.65
서울 관악구,봉천동,두산,2000,봉천로,59.92,3,2026,4,14,114000,11.4
서울 관악구,신림동,힐스테이트뉴포레,2022,조원로,59.9882,14,2026,4,11,139500,13.95
서울 관악구,봉천동,관악드림(동아),2003,성현로,59.85,21,2026,4,10,111500,11.15
서울 관악구,봉천동,관악푸르지오,2004,관악로30길,59.58,5,2026,4,9,111000,11.1
서울 관악구,봉천동,관악푸르지오,2004,관악로30길,59.58,13,2026,4,8,113800,11.38
서울 관악구,신림동,힐스테이트뉴포레,2022,조원로,59.9882,5,2026,4,8,135500,13.55
서울 관악구,봉천동,관악푸르지오,2004,관악로30길,59.58,15,2026,4,4,115000,11.5
서울 관악구,봉천동,두산,2000,봉천로,59.92,12,2026,4,4,124500,12.45
서울 관악구,봉천동,관악푸르지오,2004,관악로30길,59.58,10,2026,4,4,117000,11.7
서울 관악구,봉천동,두산,2000,봉천로,59.92,22,2026,4,3,119800,11.98
서울 관악구,신림동,힐스테이트뉴포레,2022,조원로,59.9882,16,2026,4,3,138000,13.8
서울 관악구,신림동,힐스테이트뉴포레,2022,조원로,59.9882,28,2026,4,2,133500,13.35
서울 관악구,신림동,힐스테이트뉴포레,2022,조원로,59.9986,15,2026,4,2,125000,12.5
서울 관악구,봉천동,관악드림(동아),2003,성현로,59.83,27,2026,5,29,119300,11.93
서울 관악구,봉천동,두산,2000,봉천로,59.92,19,2026,5,28,116000,11.6
서울 관악구,봉천동,관악드림(동아),2003,성현로,60.0,10,2026,5,20,116500,11.65
서울 관악구,신림동,힐스테이트뉴포레,2022,조원로,59.9986,33,2026,5,21,140000,14.0
서울 관악구,봉천동,관악푸르지오,2004,관악로30길,59.58,7,2026,5,27,119700,11.97
서울 관악구,봉천동,e편한세상서울대입구2단지,2019,청룡16길,59.9,5,2026,5,27,135000,13.5
서울 관악구,신림동,힐스테이트뉴포레,2022,조원로,59.9882,8,2026,5,15,139000,13.9
서울 관악구,신림동,힐스테이트뉴포레,2022,조원로,59.9882,12,2026,5,25,145000,14.5
서울 관악구,봉천동,e편한세상서울대입구2차,2020,참숯1길,59.72,6,2026,5,18,134000,13.4
서울 관악구,봉천동,관악푸르지오,2004,관악로30길,59.58,4,2026,5,23,112000,11.2
서울 관악구,봉천동,관악푸르지오,2004,관악로30길,59.58,9,2026,5,23,114000,11.4
서울 관악구,봉천동,관악드림(동아),2003,성현로,60.0,10,2026,5,16,117800,11.78
서울 관악구,신림동,힐스테이트뉴포레,2022,조원로,59.9882,11,2026,5,20,138500,13.85
서울 관악구,봉천동,두산,2000,봉천로,59.92,12,2026,5,19,115000,11.5
서울 관악구,신림동,힐스테이트뉴포레,2022,조원로,59.9882,8,2026,5,18,133000,13.3
서울 관악구,봉천동,관악푸르지오,2004,관악로30길,59.58,7,2026,5,18,113500,11.35
서울 관악구,봉천동,관악드림(삼성),2003,성현로,60.0,19,2026,5,16,115500,11.55
서울 관악구,봉천동,관악푸르지오,2004,관악로30길,59.58,10,2026,5,16,110000,11.0
서울 관악구,봉천동,관악드림(동아),2003,성현로,60.0,5,2026,5,16,111000,11.1
서울 관악구,봉천동,관악드림(동아),2003,성현로,59.85,7,2026,5,16,110000,11.0
서울 관악구,봉천동,관악드림(삼성),2003,성현로,59.83,18,2026,5,15,114000,11.4
서울 관악구,봉천동,관악푸르지오,2004,관악로30길,59.58,10,2026,5,15,117500,11.75
서울 관악구,봉천동,관악푸르지오,2004,관악로30길,59.58,20,2026,5,15,110000,11.0
서울 관악구,봉천동,관악푸르지오,2004,관악로30길,59.58,18,2026,5,14,117500,11.75
서울 관악구,봉천동,관악드림(삼성),2003,성현로,59.83,25,2026,5,13,119600,11.96
서울 관악구,봉천동,관악드림(동아),2003,성현로,60.0,16,2026,5,12,115000,11.5
서울 관악구,봉천동,e편한세상서울대입구1단지,2019,청룡10길,59.96,7,2026,5,12,145000,14.5
서울 관악구,봉천동,관악푸르지오,2004,관악로30길,59.58,11,2026,5,11,113000,11.3
서울 관악구,신림동,힐스테이트뉴포레,2022,조원로,59.9986,25,2026,5,9,136000,13.6
서울 관악구,봉천동,e편한세상서울대입구1단지,2019,청룡10길,59.9,6,2026,5,9,138000,13.8
서울 관악구,봉천동,두산,2000,봉천로,59.92,9,2026,5,8,121500,12.15
서울 관악구,봉천동,관악드림(삼성),2003,성현로,59.83,17,2026,5,7,116000,11.6
서울 관악구,신림동,힐스테이트뉴포레,2022,조원로,59.9986,16,2026,5,6,132000,13.2
서울 관악구,봉천동,관악푸르지오,2004,관악로30길,59.58,22,2026,5,7,112000,11.2
서울 관악구,봉천동,관악푸르지오,2004,관악로30길,59.58,23,2026,5,6,112000,11.2
서울 관악구,봉천동,관악드림(삼성),2003,성현로,59.83,5,2026,5,4,112000,11.2
서울 관악구,봉천동,e편한세상서울대입구1단지,2019,청룡10길,59.9,5,2026,5,1,137000,13.7
서울 관악구,봉천동,관악푸르지오,2004,관악로30길,59.58,3,2026,5,1,113500,11.35
서울 관악구,봉천동,두산,2000,봉천로,59.92,17,2026,5,1,120000,12.0
서울 관악구,봉천동,두산,2000,봉천로,59.92,17,2026,5,1,123000,12.3
서울 관악구,봉천동,관악푸르지오,2004,관악로30길,59.58,19,2026,5,1,116000,11.6
서울 관악구,신림동,힐스테이트뉴포레,2022,조원로,59.9986,33,2026,6,27,139000,13.9
서울 관악구,봉천동,관악동부센트레빌,2004,은천로33길,59.8,12,2026,6,26,116700,11.67
서울 관악구,봉천동,벽산블루밍,2005,은천로,59.99,4,2026,6,24,110000,11.0
서울 관악구,봉천동,관악드림(동아),2003,성현로,59.83,9,2026,6,23,119500,11.95
서울 관악구,봉천동,두산,2000,봉천로,59.92,7,2026,6,23,126000,12.6
서울 관악구,봉천동,관악푸르지오,2004,관악로30길,59.58,7,2026,6,20,114500,11.45
서울 관악구,신림동,힐스테이트뉴포레,2022,조원로,59.9986,32,2026,6,20,128000,12.8
서울 관악구,봉천동,두산,2000,봉천로,59.92,17,2026,6,18,125500,12.55
서울 관악구,봉천동,두산,2000,봉천로,59.92,13,2026,6,16,120000,12.0
서울 관악구,봉천동,관악드림(삼성),2003,성현로,59.83,17,2026,6,16,118000,11.8
서울 관악구,봉천동,e편한세상서울대입구2차,2020,참숯1길,59.85,14,2026,6,13,134500,13.45
서울 관악구,봉천동,두산,2000,봉천로,59.92,21,2026,6,6,127000,12.7
서울 관악구,봉천동,관악푸르지오,2004,관악로30길,59.58,23,2026,6,6,114500,11.45
서울 관악구,봉천동,두산,2000,봉천로,59.92,11,2026,6,5,124000,12.4
서울 관악구,봉천동,e편한세상서울대입구1단지,2019,청룡10길,59.9,4,2026,6,3,142000,14.2
서울 관악구,봉천동,관악드림(삼성),2003,성현로,59.83,13,2026,6,3,115000,11.5
서울 관악구,신림동,힐스테이트뉴포레,2022,조원로,59.9986,16,2026,7,18,143000,14.3
서울 관악구,봉천동,관악드림(삼성),2003,성현로,59.85,9,2026,7,31,119500,11.95
서울 관악구,봉천동,관악푸르지오,2004,관악로30길,59.58,12,2026,7,28,117500,11.75
서울 관악구,봉천동,관악드림(동아),2003,성현로,59.83,2,2026,7,30,112000,11.2
서울 관악구,봉천동,관악동부센트레빌,2004,은천로33길,59.75,8,2026,7,30,121000,12.1
서울 관악구,봉천동,두산,2000,봉천로,59.92,8,2026,7,16,124500,12.45
서울 관악구,봉천동,관악푸르지오,2004,관악로30길,59.58,19,2026,7,14,122800,12.28
서울 관악구,봉천동,두산,2000,봉천로,59.92,7,2026,7,21,124000,12.4
서울 관악구,봉천동,두산,2000,봉천로,59.92,10,2026,7,20,129000,12.9
서울 관악구,봉천동,관악드림(동아),2003,성현로,59.83,5,2026,7,17,116000,11.6
서울 관악구,봉천동,두산,2000,봉천로,59.92,14,2026,7,16,127000,12.7
서울 관악구,봉천동,관악드림(동아),2003,성현로,59.83,11,2026,7,15,116000,11.6
서울 관악구,봉천동,관악드림(삼성),2003,성현로,59.83,16,2026,7,16,119900,11.99
서울 관악구,봉천동,관악푸르지오,2004,관악로30길,59.58,9,2026,7,15,121000,12.1
서울 관악구,봉천동,관악푸르지오,2004,관악로30길,59.58,24,2026,7,10,122700,12.27
서울 관악구,봉천동,관악푸르지오,2004,관악로30길,59.58,17,2026,7,1,113800,11.38
서울 관악구,봉천동,관악드림(동아),2003,성현로,59.85,4,2026,7,6,111700,11.17
서울 관악구,봉천동,봉천우성,2000,관악로30길,59.76,10,2026,7,4,111000,11.1
서울 관악구,봉천동,관악드림(동아),2003,성현로,60.0,5,2026,7,3,115500,11.55
서울 서초구,서초동,비버리캐슬,2020,반포대로9길,59.49,3,2026,1,19,115000,11.5
서울 서초구,방배동,서초훼미리하우스,2017,효령로,59.57,2,2026,1,18,123500,12.35
서울 서초구,방배동,서초훼미리하우스,2017,효령로,59.49,11,2026,2,27,119500,11.95
서울 서초구,우면동,호반써밋서초파크뷰(토지임대부아파트),2013,양재대로2길,59.93,4,2026,2,14,132000,13.2
서울 서초구,우면동,호반써밋서초파크뷰(토지임대부아파트),2013,양재대로2길,59.93,5,2026,3,31,112000,11.2
서울 서초구,우면동,호반써밋서초파크뷰(토지임대부아파트),2013,양재대로2길,59.99,12,2026,3,28,137000,13.7
서울 서초구,서초동,초원현대,1998,효령로68길,59.76,12,2026,3,25,144000,14.4
서울 서초구,서초동,두진한아름,1995,효령로67길,59.97,5,2026,3,21,117000,11.7
서울 서초구,방배동,서초훼미리하우스,2017,효령로,59.49,8,2026,3,6,120000,12.0
서울 서초구,방배동,방배중앙센트레빌,2021,방배중앙로,59.873,4,2026,4,25,125000,12.5
서울 서초구,우면동,한라,1994,바우뫼로,59.98,1,2026,4,29,150000,15.0
서울 서초구,우면동,한라,1994,바우뫼로,59.98,1,2026,4,28,150000,15.0
서울 서초구,서초동,우성아파트,1998,서초대로74길,59.93,11,2026,4,17,130500,13.05
서울 서초구,방배동,서초이에스에이3차,2002,명달로,59.4,3,2026,5,9,145000,14.5
서울 서초구,서초동,서초한빛삼성,1999,서초대로40길,59.52,11,2026,5,14,138000,13.8
서울 서초구,우면동,한라,1994,바우뫼로,59.98,5,2026,6,16,145000,14.5
서울 강남구,세곡동,강남신동아파밀리에1단지,2011,헌릉로590길,59.88,10,2026,1,26,150000,15.0
서울 강남구,역삼동,세방하이빌1,2003,역삼로,59.77,7,2026,1,28,129000,12.9
서울 강남구,자곡동,강남자곡 힐스테이트,2015,자곡로3길,59.93,10,2026,1,26,144000,14.4
서울 강남구,자곡동,강남자곡 힐스테이트,2015,자곡로3길,59.93,15,2026,1,6,146000,14.6
서울 강남구,자곡동,강남자곡 힐스테이트,2015,자곡로3길,59.93,10,2026,1,3,144500,14.45
서울 강남구,자곡동,강남자곡 힐스테이트,2015,자곡로3길,59.93,2,2026,2,25,149500,14.95
서울 강남구,논현동,경남논현,1996,언주로116길,59.56,8,2026,2,10,147000,14.7
서울 강남구,자곡동,강남자곡 힐스테이트,2015,자곡로3길,59.93,6,2026,2,5,126000,12.6
서울 강남구,자곡동,강남자곡 힐스테이트,2015,자곡로3길,59.93,10,2026,2,5,149500,14.95
서울 강남구,자곡동,강남자곡 힐스테이트,2015,자곡로3길,59.93,4,2026,3,28,140000,14.0
서울 강남구,자곡동,강남자곡 힐스테이트,2015,자곡로3길,59.93,5,2026,3,10,138000,13.8
서울 강남구,자곡동,강남자곡 힐스테이트,2015,자곡로3길,59.93,3,2026,4,12,149000,14.9
서울 강남구,역삼동,브라운스톤역삼,2004,역삼로,59.96,6,2026,4,5,111000,11.1
서울 강남구,삼성동,삼성풍림2차아파트,1998,봉은사로105길,59.94,12,2026,4,2,148200,14.82
서울 강남구,역삼동,브라운스톤역삼,2004,역삼로,59.96,10,2026,5,31,110000,11.0
서울 강남구,역삼동,세방하이빌1,2003,역삼로,59.77,11,2026,5,7,134000,13.4
서울 강남구,역삼동,시티프라디움더강남101동,2021,언주로,59.93,14,2026,8,3,149000,14.9
서울 송파구,거여동,거여4단지,1997,양산로4길,59.73,3,2026,1,31,130000,13.0
서울 송파구,송파동,송파파밀리에더퍼스트,2023,송이로4길,59.8077,4,2026,1,25,135000,13.5
서울 송파구,오금동,송파두산위브,2019,성내천로,59.9823,11,2026,1,30,130000,13.0
서울 송파구,장지동,송파파인타운8단지,2008,충민로4길,59.97,9,2026,1,31,137250,13.72
서울 송파구,오금동,송파두산위브,2019,성내천로,59.9823,4,2026,1,30,129000,12.9
서울 송파구,풍납동,동아한가람1,1995,한가람로,59.98,3,2026,1,27,118000,11.8
서울 송파구,가락동,대림,1988,송이로,59.24,10,2026,1,29,131000,13.1
서울 송파구,송파동,현대,1997,오금로32길,59.91,17,2026,1,29,140000,14.0
서울 송파구,가락동,"가락3차쌍용스윗닷홈101동,102동",2005,송이로21길,59.94,7,2026,1,28,148000,14.8
서울 송파구,오금동,상아2차아파트,1988,오금로,60.0,7,2026,1,13,150000,15.0
서울 송파구,풍납동,한강극동,1995,토성로,59.26,5,2026,1,26,140000,14.0
서울 송파구,풍납동,한강극동,1995,토성로,59.26,3,2026,1,23,129000,12.9
서울 송파구,풍납동,한강극동,1995,토성로,59.26,5,2026,1,24,138000,13.8
서울 송파구,오금동,송파두산위브,2019,성내천로,59.9823,13,2026,1,23,128800,12.88
서울 송파구,송파동,송파파밀리에더퍼스트,2023,송이로4길,59.8077,3,2026,1,21,131000,13.1
서울 송파구,가락동,대림,1988,송이로,59.24,10,2026,1,19,131000,13.1
서울 송파구,풍납동,씨티극동1,1998,한가람로,59.95,6,2026,1,13,114000,11.4
서울 송파구,풍납동,씨티극동1,1998,한가람로,59.95,5,2026,1,8,114500,11.45
서울 송파구,풍납동,한강극동,1995,토성로,59.26,2,2026,1,13,122000,12.2
서울 송파구,오금동,상아2차아파트,1988,오금로,60.0,9,2026,1,15,132000,13.2
서울 송파구,오금동,상아2차아파트,1988,오금로,60.0,11,2026,1,8,145000,14.5
서울 송파구,풍납동,극동,1987,올림픽로45길,59.975,3,2026,1,5,125000,12.5
서울 송파구,가락동,대림,1988,송이로,59.24,11,2026,1,3,130000,13.0
서울 송파구,문정동,문정대우푸르지오2차,2001,송이로32길,59.57,3,2026,2,26,143000,14.3
서울 송파구,오금동,송파두산위브,2019,성내천로,59.9823,14,2026,2,25,136000,13.6
서울 송파구,풍납동,한강극동,1995,토성로,59.26,3,2026,2,13,136000,13.6
서울 송파구,가락동,가락우성2,2000,중대로12길,59.97,6,2026,2,14,122500,12.25
서울 송파구,거여동,거여4단지,1997,양산로4길,59.73,10,2026,2,9,126000,12.6
서울 송파구,송파동,송파파밀리에더퍼스트,2023,송이로4길,59.935,5,2026,2,3,150000,15.0
서울 송파구,풍납동,한강극동,1995,토성로,59.26,8,2026,3,27,142000,14.2
서울 송파구,거여동,거여5단지,1997,양산로4길,59.74,8,2026,3,28,120000,12.0
서울 송파구,풍납동,현대리버빌1지구,1999,토성로,59.96,11,2026,3,19,140000,14.0
서울 송파구,거여동,거여1단지,1997,양산로8길,59.73,4,2026,3,24,127000,12.7
서울 송파구,풍납동,씨티극동1,1998,한가람로,59.69,6,2026,3,18,124500,12.45
서울 송파구,마천동,마천동금호타운1,1998,마천로57길,59.93,5,2026,3,21,120000,12.0
서울 송파구,오금동,송파두산위브,2019,성내천로,59.9823,15,2026,3,21,127800,12.78
서울 송파구,거여동,거여1단지,1997,양산로8길,58.99,9,2026,3,18,128000,12.8
서울 송파구,풍납동,씨티극동1,1998,한가람로,59.95,4,2026,3,7,110000,11.0
서울 송파구,풍납동,신성노바빌아파트,2000,한가람로,59.78,4,2026,3,7,117500,11.75
서울 송파구,가락동,가락우성2,2000,중대로12길,59.97,14,2026,3,7,138000,13.8
서울 송파구,풍납동,한강극동,1995,토성로,59.26,10,2026,3,1,136000,13.6
서울 송파구,문정동,세양청마루,2004,송이로31길,59.91,9,2026,3,3,116000,11.6
서울 송파구,풍납동,한강극동,1995,토성로,59.26,4,2026,3,2,144500,14.45
서울 송파구,거여동,거여5단지,1997,양산로4길,59.74,4,2026,4,18,120000,12.0
서울 송파구,오금동,송파두산위브,2019,성내천로,59.9823,5,2026,4,30,135000,13.5
서울 송파구,풍납동,한강극동,1995,토성로,59.26,6,2026,4,14,144000,14.4
서울 송파구,가락동,대림,1988,송이로,59.24,6,2026,4,18,149000,14.9
서울 송파구,가락동,대림,1988,송이로,59.24,13,2026,4,29,144000,14.4
서울 송파구,거여동,거여5단지,1997,양산로4길,59.74,7,2026,4,28,124800,12.48
서울 송파구,거여동,거여5단지,1997,양산로4길,59.74,11,2026,4,28,123500,12.35
서울 송파구,오금동,송파두산위브,2019,성내천로,59.9823,8,2026,4,27,129500,12.95
서울 송파구,오금동,송파두산위브,2019,성내천로,59.9823,24,2026,4,25,134000,13.4
서울 송파구,거여동,거여5단지,1997,양산로4길,59.74,7,2026,4,22,120000,12.0
서울 송파구,풍납동,한강극동,1995,토성로,59.26,7,2026,4,18,141000,14.1
서울 송파구,거여동,거여5단지,1997,양산로4길,59.74,11,2026,4,20,133000,13.3
서울 송파구,송파동,현대,1997,오금로32길,59.91,2,2026,4,18,148000,14.8
서울 송파구,풍납동,신성노바빌아파트,2000,한가람로,59.78,6,2026,4,18,110000,11.0
서울 송파구,문정동,문정대우푸르지오1차,1999,문정로,59.84,5,2026,4,17,149000,14.9
서울 송파구,풍납동,현대리버빌2지구,1999,풍성로24길,59.4,7,2026,4,15,110000,11.0
서울 송파구,거여동,거여4단지,1997,양산로4길,59.73,10,2026,4,14,136500,13.65
서울 송파구,거여동,거여4단지,1997,양산로4길,59.73,11,2026,4,5,139000,13.9
서울 송파구,거여동,거여4단지,1997,양산로4길,59.73,2,2026,4,1,126000,12.6
서울 송파구,풍납동,씨티극동1,1998,한가람로,59.95,9,2026,5,29,123200,12.32
서울 송파구,방이동,방이금호어울림,2001,위례성대로8길,59.67,4,2026,5,28,117000,11.7
서울 송파구,거여동,거여5단지,1997,양산로4길,59.74,14,2026,5,26,128500,12.85
서울 송파구,풍납동,한강극동,1995,토성로,59.26,8,2026,5,27,149000,14.9
서울 송파구,거여동,거여5단지,1997,양산로4길,59.74,4,2026,5,31,132000,13.2
서울 송파구,오금동,송파두산위브,2019,성내천로,59.9823,9,2026,5,28,138200,13.82
서울 송파구,거여동,거여5단지,1997,양산로4길,59.74,10,2026,5,29,129000,12.9
서울 송파구,거여동,거여5단지,1997,양산로4길,59.74,7,2026,5,28,128000,12.8
서울 송파구,장지동,송파파인타운10단지,2007,송파대로8길,59.96,9,2026,5,1,130300,13.03
서울 송파구,풍납동,한강극동,1995,토성로,59.26,7,2026,5,26,144000,14.4
서울 송파구,거여동,거여1단지,1997,양산로8길,59.73,7,2026,5,19,127000,12.7
서울 송파구,오금동,송파두산위브,2019,성내천로,59.9823,27,2026,5,21,127000,12.7
서울 송파구,문정동,문정대우푸르지오2차,2001,송이로32길,59.57,3,2026,5,25,132000,13.2
서울 송파구,송파동,현대,1997,오금로32길,59.91,7,2026,5,23,149000,14.9
서울 송파구,문정동,문정대우푸르지오1차,1999,문정로,59.84,3,2026,5,25,148000,14.8
서울 송파구,거여동,거여5단지,1997,양산로4길,59.74,4,2026,5,23,130000,13.0
서울 송파구,오금동,송파두산위브,2019,성내천로,59.9823,28,2026,5,23,135000,13.5
서울 송파구,풍납동,씨티극동1,1998,한가람로,59.95,2,2026,5,16,121000,12.1
서울 송파구,거여동,거여1단지,1997,양산로8길,59.73,9,2026,5,15,131000,13.1
서울 송파구,잠실동,잠실월드메르디앙,2005,올림픽로,59.23,13,2026,5,9,130500,13.05
서울 송파구,거여동,거여5단지,1997,양산로4길,59.74,14,2026,5,9,130000,13.0
서울 송파구,풍납동,한강극동,1995,토성로,59.26,9,2026,5,4,150000,15.0
서울 송파구,거여동,거여4단지,1997,양산로4길,59.73,9,2026,5,11,137500,13.75
서울 송파구,문정동,문정대우푸르지오1차,1999,문정로,59.84,2,2026,5,8,142000,14.2
서울 송파구,풍납동,신성노바빌아파트,2000,한가람로,59.78,8,2026,5,8,120000,12.0
서울 송파구,오금동,송파두산위브,2019,성내천로,59.9823,20,2026,5,7,132000,13.2
서울 송파구,풍납동,씨티극동1,1998,한가람로,59.95,2,2026,5,7,117000,11.7
서울 송파구,거여동,거여5단지,1997,양산로4길,59.74,13,2026,5,7,120000,12.0
서울 송파구,거여동,거여5단지,1997,양산로4길,59.74,8,2026,6,30,135000,13.5
서울 송파구,오금동,송파두산위브,2019,성내천로,59.9823,7,2026,6,29,135000,13.5
서울 송파구,풍납동,신성노바빌아파트,2000,한가람로,59.78,18,2026,6,27,119000,11.9
서울 송파구,거여동,거여5단지,1997,양산로4길,59.74,1,2026,6,26,123000,12.3
서울 송파구,풍납동,신성노바빌아파트,2000,한가람로,59.78,10,2026,6,13,122000,12.2
서울 송파구,거여동,거여5단지,1997,양산로4길,59.4,3,2026,6,13,124500,12.45
서울 송파구,송파동,미성맨션,1985,오금로32길,58.98,4,2026,6,2,126300,12.63
서울 송파구,풍납동,현대리버빌1지구,1999,토성로,58.13,5,2026,6,2,131000,13.1
서울 송파구,풍납동,송파현대힐스테이트,2006,풍성로26길,59.98,4,2026,7,28,140000,14.0
서울 송파구,거여동,거여1단지,1997,양산로8길,59.73,3,2026,7,23,134000,13.4
서울 송파구,방이동,올림픽베어스타운1,1996,위례성대로,59.37,8,2026,7,15,135000,13.5
서울 송파구,풍납동,한강극동,1995,토성로,59.26,9,2026,7,10,145800,14.58
서울 송파구,풍납동,씨티극동1,1998,한가람로,59.95,1,2026,7,3,113000,11.3
서울 송파구,거여동,거여5단지,1997,양산로4길,59.74,7,2026,7,7,135000,13.5
서울 강동구,성내동,성내동삼성아파트,1999,풍성로,59.88,12,2026,1,30,135000,13.5
서울 강동구,암사동,삼성광나루,2002,상암로3길,59.69,8,2026,1,30,119300,11.93
서울 강동구,암사동,선사현대아파트,2000,상암로,58.68,14,2026,1,31,136000,13.6
서울 강동구,암사동,선사현대아파트,2000,상암로,59.64,15,2026,1,20,135000,13.5
서울 강동구,암사동,선사현대아파트,2000,상암로,59.64,12,2026,1,31,150000,15.0
서울 강동구,둔촌동,신성둔촌미소지움2,2000,진황도로,59.88,14,2026,1,31,129500,12.95
서울 강동구,둔촌동,둔촌푸르지오,2010,명일로,59.98,13,2026,1,31,138000,13.8
서울 강동구,암사동,선사현대아파트,2000,상암로,58.68,18,2026,1,16,138000,13.8
서울 강동구,둔촌동,신성둔촌미소지움1,1998,명일로,59.78,10,2026,1,30,125000,12.5
서울 강동구,암사동,삼성광나루,2002,상암로3길,59.69,21,2026,1,29,128000,12.8
서울 강동구,길동,이편한세상강동에코포레,2020,천중로,59.99,19,2026,1,29,139200,13.92
서울 강동구,성내동,올림픽파크한양수자인,2016,성내로,59.55,11,2026,1,27,149000,14.9
서울 강동구,둔촌동,신성둔촌미소지움1,1998,명일로,59.78,3,2026,1,24,119500,11.95
서울 강동구,성내동,성내동삼성아파트,1999,풍성로,59.88,5,2026,1,24,128000,12.8
서울 강동구,고덕동,고덕센트럴푸르지오,2020,고덕로,59.14,28,2026,1,17,149700,14.97
서울 강동구,둔촌동,신동아파밀리에,2002,양재대로96길,59.4,15,2026,1,16,121000,12.1
서울 강동구,암사동,선사현대아파트,2000,상암로,59.64,19,2026,1,15,145000,14.5
서울 강동구,암사동,삼성광나루,2002,상암로3길,59.69,12,2026,1,14,121500,12.15
서울 강동구,암사동,선사현대아파트,2000,상암로,59.64,28,2026,1,10,143900,14.39
서울 강동구,성내동,성내동삼성아파트,1999,풍성로,59.88,9,2026,1,4,127000,12.7
서울 강동구,암사동,선사현대아파트,2000,상암로,59.64,5,2026,1,7,128000,12.8
서울 강동구,길동,이편한세상강동에코포레,2020,천중로,59.97,19,2026,1,3,119000,11.9
서울 강동구,둔촌동,신동아파밀리에,2002,양재대로96길,58.87,5,2026,1,3,115000,11.5
서울 강동구,암사동,삼성광나루,2002,상암로3길,59.69,9,2026,2,14,129500,12.95
서울 강동구,고덕동,배재현대,1995,고덕로61길,59.94,9,2026,2,20,145000,14.5
서울 강동구,성내동,올림픽파크한양수자인,2016,성내로,59.55,6,2026,2,11,147000,14.7
서울 강동구,둔촌동,둔촌푸르지오,2010,명일로,59.98,1,2026,2,24,142000,14.2
서울 강동구,둔촌동,둔촌푸르지오,2010,명일로,59.98,11,2026,2,14,148000,14.8
서울 강동구,암사동,선사현대아파트,2000,상암로,59.64,2,2026,2,21,144500,14.45
서울 강동구,길동,삼익파크맨션,1982,명일로,59.65,10,2026,2,6,125500,12.55
서울 강동구,성내동,성안마을청구,2002,풍성로,59.93,8,2026,2,28,114500,11.45
서울 강동구,둔촌동,둔촌푸르지오,2010,명일로,59.98,1,2026,2,27,135000,13.5
서울 강동구,고덕동,고덕센트럴푸르지오,2020,고덕로,59.09,33,2026,2,11,150000,15.0
서울 강동구,암사동,선사현대아파트,2000,상암로,59.64,3,2026,2,25,144000,14.4
서울 강동구,길동,삼익파크맨션,1982,명일로,59.65,9,2026,2,7,120000,12.0
서울 강동구,둔촌동,둔촌하이츠,1998,명일로,59.79,15,2026,2,3,110000,11.0
서울 강동구,암사동,선사현대아파트,2000,상암로,59.64,9,2026,2,21,150000,15.0
서울 강동구,둔촌동,신동아파밀리에,2002,양재대로96길,59.4,9,2026,2,20,125000,12.5
서울 강동구,길동,이편한세상강동에코포레,2020,천중로,59.99,4,2026,2,7,139000,13.9
서울 강동구,둔촌동,둔촌푸르지오,2010,명일로,59.98,3,2026,2,13,145700,14.57
서울 강동구,명일동,명일지에스아파트,1999,상암로51길,59.79,2,2026,2,12,114000,11.4
서울 강동구,암사동,선사현대아파트,2000,상암로,59.64,16,2026,2,12,148000,14.8
서울 강동구,성내동,성내동삼성아파트,1999,풍성로,59.88,16,2026,2,9,133000,13.3
서울 강동구,둔촌동,둔촌푸르지오,2010,명일로,59.98,17,2026,2,7,146500,14.65
서울 강동구,성내동,그란츠리버파크,2025,천호대로,59.8256,9,2026,2,9,149900,14.99
서울 강동구,성내동,성내동삼성아파트,1999,풍성로,59.88,9,2026,2,9,133000,13.3
서울 강동구,암사동,선사현대아파트,2000,상암로,59.64,9,2026,2,9,150000,15.0
서울 강동구,강일동,강일리버파크3단지,2009,아리수로93길,59.88,13,2026,2,4,119300,11.93
서울 강동구,고덕동,고덕센트럴푸르지오,2020,고덕로,59.06,13,2026,2,7,150000,15.0
서울 강동구,암사동,선사현대아파트,2000,상암로,59.64,14,2026,2,7,150000,15.0
서울 강동구,성내동,성내동삼성아파트,1999,풍성로,59.88,12,2026,2,6,129500,12.95
서울 강동구,강일동,고덕리엔파크2단지,2011,고덕로,59.72,4,2026,2,1,120000,12.0
서울 강동구,둔촌동,현대2,1988,풍성로65길,59.19,8,2026,3,23,113000,11.3
서울 강동구,상일동,고덕아르테스미소지움,2022,동남로,59.97,3,2026,3,30,141000,14.1
서울 강동구,둔촌동,둔촌하이츠,1998,명일로,59.79,15,2026,3,31,110000,11.0
서울 강동구,명일동,명일지에스아파트,1999,상암로51길,59.79,4,2026,3,30,111000,11.1
서울 강동구,고덕동,배재현대,1995,고덕로61길,59.94,8,2026,3,28,144000,14.4
서울 강동구,길동,이편한세상강동에코포레,2020,천중로,59.99,2,2026,3,27,138000,13.8
서울 강동구,둔촌동,더샵파크솔레이유,2023,진황도로61길,59.86,9,2026,3,21,143500,14.35
서울 강동구,강일동,강동리버스트8단지,2021,아리수로93나길,59.97,21,2026,3,26,118000,11.8
서울 강동구,둔촌동,신동아파밀리에,2002,양재대로96길,58.87,17,2026,3,21,138000,13.8
서울 강동구,암사동,선사현대아파트,2000,상암로,59.64,8,2026,3,21,137500,13.75
서울 강동구,상일동,강동리엔파크14단지,2021,고덕로98길,59.94,8,2026,3,18,110000,11.0
서울 강동구,고덕동,래미안힐스테이트고덕,2016,아리수로50길,59.35,9,2026,3,7,136000,13.6
서울 강동구,둔촌동,신동아파밀리에,2002,양재대로96길,58.87,18,2026,3,14,133000,13.3
서울 강동구,강일동,강일리버파크3단지,2009,아리수로93길,59.87,12,2026,3,14,114000,11.4
서울 강동구,성내동,성내동삼성아파트,1999,풍성로,59.88,1,2026,3,11,125000,12.5
서울 강동구,암사동,삼성광나루,2002,상암로3길,59.94,4,2026,3,6,150000,15.0
서울 강동구,암사동,선사현대아파트,2000,상암로,59.64,28,2026,3,6,143900,14.39
서울 강동구,둔촌동,더샵파크솔레이유,2023,진황도로61길,59.93,8,2026,3,7,143000,14.3
서울 강동구,성내동,성내동삼성아파트,1999,풍성로,59.88,15,2026,4,21,136000,13.6
서울 강동구,둔촌동,더샵파크솔레이유,2023,진황도로61길,59.86,10,2026,4,24,142000,14.2
서울 강동구,암사동,선사현대아파트,2000,상암로,58.68,16,2026,4,21,145000,14.5
서울 강동구,상일동,중앙하이츠,1992,구천면로,59.94,9,2026,4,29,114000,11.4
서울 강동구,암사동,선사현대아파트,2000,상암로,59.64,3,2026,4,8,148000,14.8
서울 강동구,성내동,성내동삼성아파트,1999,풍성로,59.88,5,2026,4,25,136000,13.6
서울 강동구,암사동,선사현대아파트,2000,상암로,59.64,3,2026,4,27,141000,14.1
서울 강동구,암사동,힐스테이트 강동 리버뷰,2019,올림픽로91길,59.9958,7,2026,4,25,149000,14.9
서울 강동구,암사동,한강현대,1999,올림픽로104길,59.94,19,2026,4,25,127000,12.7
서울 강동구,강일동,강일리버파크3단지,2009,아리수로93길,59.87,4,2026,4,22,117000,11.7
서울 강동구,암사동,선사현대아파트,2000,상암로,59.64,4,2026,4,22,139500,13.95
서울 강동구,암사동,선사현대아파트,2000,상암로,59.64,12,2026,4,22,140000,14.0
서울 강동구,둔촌동,둔촌하이츠,1998,명일로,59.79,6,2026,4,17,115000,11.5
서울 강동구,강일동,고덕리엔파크2단지,2011,고덕로,59.72,2,2026,4,17,110500,11.05
서울 강동구,천호동,래미안강동팰리스,2017,천호대로,59.98,12,2026,4,18,145000,14.5
서울 강동구,둔촌동,신성둔촌미소지움1,1998,명일로,59.78,18,2026,4,17,135000,13.5
서울 강동구,고덕동,배재현대,1995,고덕로61길,59.94,4,2026,4,15,142500,14.25
서울 강동구,길동,이편한세상강동에코포레,2020,천중로,59.99,13,2026,4,13,149500,14.95
서울 강동구,암사동,선사현대아파트,2000,상암로,59.64,26,2026,4,13,147000,14.7
서울 강동구,상일동,중앙하이츠,1992,구천면로,59.94,10,2026,4,11,120000,12.0
서울 강동구,암사동,선사현대아파트,2000,상암로,58.68,10,2026,4,11,144000,14.4
서울 강동구,암사동,선사현대아파트,2000,상암로,59.64,20,2026,4,11,149500,14.95
서울 강동구,고덕동,고덕센트럴푸르지오,2020,고덕로,59.06,12,2026,4,10,143000,14.3
서울 강동구,천호동,래미안강동팰리스,2017,천호대로,59.98,16,2026,4,1,149000,14.9
서울 강동구,길동,이편한세상강동에코포레,2020,천중로,59.97,3,2026,4,7,139300,13.93
서울 강동구,암사동,선사현대아파트,2000,상암로,59.64,6,2026,4,7,140000,14.0
서울 강동구,상일동,중앙하이츠,1992,구천면로,59.94,13,2026,4,6,110000,11.0
서울 강동구,둔촌동,신성둔촌미소지움1,1998,명일로,59.78,9,2026,4,6,123250,12.32
서울 강동구,둔촌동,신성둔촌미소지움1,1998,명일로,59.78,11,2026,4,3,130000,13.0
서울 강동구,암사동,한강현대,1999,올림픽로104길,59.94,22,2026,4,4,113000,11.3
서울 강동구,암사동,선사현대아파트,2000,상암로,59.64,3,2026,4,4,144000,14.4
서울 강동구,암사동,선사현대아파트,2000,상암로,59.64,20,2026,4,3,146000,14.6
서울 강동구,암사동,선사현대아파트,2000,상암로,58.68,11,2026,4,3,141500,14.15
서울 강동구,암사동,삼성광나루,2002,상암로3길,59.69,27,2026,5,25,137000,13.7
서울 강동구,천호동,힐데스하임천호아파트,2023,올림픽로78길,59.9777,7,2026,5,23,132000,13.2
서울 강동구,길동,이편한세상강동에코포레,2020,천중로,59.97,3,2026,5,25,133000,13.3
서울 강동구,성내동,성안마을청구,2002,풍성로,59.93,13,2026,5,12,122500,12.25
서울 강동구,고덕동,고덕센트럴푸르지오,2020,고덕로,59.06,7,2026,5,27,146500,14.65
서울 강동구,둔촌동,신성둔촌미소지움1,1998,명일로,59.78,16,2026,5,30,135000,13.5
서울 강동구,강일동,강동리버스트8단지,2021,아리수로93나길,59.97,10,2026,5,29,114500,11.45
서울 강동구,둔촌동,더샵파크솔레이유,2023,진황도로61길,59.86,7,2026,5,29,142000,14.2
서울 강동구,둔촌동,신동아파밀리에,2002,양재대로96길,59.4,20,2026,5,9,121000,12.1
서울 강동구,성내동,성내동삼성아파트,1999,풍성로,59.88,4,2026,5,23,132000,13.2
서울 강동구,암사동,선사현대아파트,2000,상암로,58.68,16,2026,5,23,150000,15.0
서울 강동구,성내동,코오롱(1차),1999,천호대로168길,59.96,13,2026,5,19,111000,11.1
서울 강동구,성내동,올림픽파크한양수자인,2016,성내로,59.55,10,2026,5,5,148000,14.8
서울 강동구,강일동,강일리버파크5단지,2009,아리수로97길,59.87,5,2026,5,20,114500,11.45
서울 강동구,천호동,힐데스하임천호아파트,2023,올림픽로78길,59.9777,7,2026,5,19,131000,13.1
서울 강동구,성내동,성안마을청구,2002,풍성로,59.93,4,2026,5,18,120500,12.05
서울 강동구,성내동,성내동삼성아파트,1999,풍성로,59.88,3,2026,5,17,136700,13.67
서울 강동구,암사동,선사현대아파트,2000,상암로,59.64,6,2026,5,16,145000,14.5
서울 강동구,명일동,명일지에스아파트,1999,상암로51길,59.79,8,2026,5,1,119000,11.9
서울 강동구,명일동,명일지에스아파트,1999,상암로51길,59.79,12,2026,5,13,118000,11.8
서울 강동구,둔촌동,신성둔촌미소지움1,1998,명일로,59.78,1,2026,5,9,125000,12.5
서울 강동구,성내동,성내동삼성아파트,1999,풍성로,59.88,5,2026,5,9,136500,13.65
서울 강동구,암사동,선사현대아파트,2000,상암로,59.64,19,2026,5,9,147000,14.7
서울 강동구,둔촌동,둔촌푸르지오,2010,명일로,59.98,22,2026,5,8,148800,14.88
서울 강동구,둔촌동,둔촌푸르지오,2010,명일로,59.98,2,2026,5,8,145000,14.5
서울 강동구,성내동,성내동삼성아파트,1999,풍성로,59.88,15,2026,5,8,137500,13.75
서울 강동구,암사동,선사현대아파트,2000,상암로,59.64,11,2026,5,9,149000,14.9
서울 강동구,둔촌동,신동아파밀리에,2002,양재대로96길,59.4,3,2026,5,5,128000,12.8
서울 강동구,암사동,선사현대아파트,2000,상암로,58.68,5,2026,5,5,140000,14.0
서울 강동구,암사동,선사현대아파트,2000,상암로,59.64,16,2026,5,2,145000,14.5
서울 강동구,둔촌동,신성둔촌미소지움1,1998,명일로,59.78,20,2026,5,4,138000,13.8
서울 강동구,명일동,명일지에스아파트,1999,상암로51길,59.79,1,2026,5,1,110000,11.0
서울 강동구,성내동,성내동삼성아파트,1999,풍성로,59.88,8,2026,5,1,135000,13.5
서울 강동구,강일동,강동리버스트8단지,2021,아리수로93나길,59.97,7,2026,5,1,118000,11.8
서울 강동구,강일동,강일리버파크3단지,2009,아리수로93길,59.87,7,2026,5,1,119000,11.9
서울 강동구,암사동,선사현대아파트,2000,상암로,59.64,21,2026,6,12,150000,15.0
서울 강동구,암사동,선사현대아파트,2000,상암로,59.64,2,2026,6,30,140000,14.0
서울 강동구,둔촌동,더샵파크솔레이유,2023,진황도로61길,59.93,9,2026,6,4,144800,14.48
서울 강동구,둔촌동,둔촌푸르지오,2010,명일로,59.98,15,2026,6,30,149000,14.9
서울 강동구,둔촌동,신동아파밀리에,2002,양재대로96길,59.4,9,2026,6,28,140000,14.0
서울 강동구,둔촌동,현대2,1988,풍성로65길,59.19,9,2026,6,27,110000,11.0
서울 강동구,명일동,명일지에스아파트,1999,상암로51길,59.79,14,2026,6,27,124000,12.4
서울 강동구,성내동,성내동삼성아파트,1999,풍성로,59.88,8,2026,6,26,142500,14.25
서울 강동구,둔촌동,신동아파밀리에,2002,양재대로96길,59.4,1,2026,6,22,130000,13.0
서울 강동구,암사동,삼성광나루,2002,상암로3길,59.94,1,2026,6,22,141500,14.15
서울 강동구,성내동,성내동삼성아파트,1999,풍성로,59.88,5,2026,6,16,135500,13.55
서울 강동구,강일동,강동리버스트4단지,2020,아리수로93가길,59.99,11,2026,6,15,113000,11.3
서울 강동구,성내동,성내동삼성아파트,1999,풍성로,59.88,2,2026,6,12,137000,13.7
서울 강동구,암사동,선사현대아파트,2000,상암로,58.68,15,2026,6,10,147000,14.7
서울 강동구,상일동,강동리엔파크14단지,2021,고덕로98길,59.94,13,2026,6,8,116000,11.6
서울 강동구,강일동,강일리버파크1단지,2009,아리수로93가길,59.87,4,2026,6,8,120500,12.05
서울 강동구,강일동,강동리버스트8단지,2021,아리수로93나길,59.97,9,2026,6,6,114500,11.45
서울 강동구,천호동,천호태영아파트,1999,천호대로,59.63,18,2026,6,6,119500,11.95
서울 강동구,강일동,강일리버파크3단지,2009,아리수로93길,59.88,2,2026,6,4,114000,11.4
서울 강동구,둔촌동,신성둔촌미소지움1,1998,명일로,59.78,4,2026,6,4,135000,13.5
서울 강동구,강일동,강동리버스트8단지,2021,아리수로93나길,59.97,5,2026,6,2,116500,11.65
서울 강동구,둔촌동,신동아파밀리에,2002,양재대로96길,59.4,8,2026,6,2,135000,13.5
서울 강동구,둔촌동,둔촌푸르지오,2010,명일로,59.98,10,2026,6,1,149500,14.95
서울 강동구,고덕동,배재현대,1995,고덕로61길,59.94,10,2026,7,29,145000,14.5
서울 강동구,암사동,한강현대,1999,올림픽로104길,59.94,8,2026,7,16,124600,12.46
서울 강동구,명일동,명일지에스아파트,1999,상암로51길,59.4,12,2026,7,25,122000,12.2
서울 강동구,강일동,강동리버스트4단지,2020,아리수로93가길,59.99,4,2026,7,25,116000,11.6
서울 강동구,상일동,강동리엔파크14단지,2021,고덕로98길,59.94,12,2026,7,9,117800,11.78
서울 강동구,강일동,강동리버스트8단지,2021,아리수로93나길,59.97,11,2026,7,17,124500,12.45
서울 강동구,강일동,강동리버스트4단지,2020,아리수로93가길,59.99,11,2026,7,16,120000,12.0
서울 강동구,강일동,강동리버스트8단지,2021,아리수로93나길,59.97,21,2026,7,11,123000,12.3
서울 강동구,강일동,강일리버파크3단지,2009,아리수로93길,59.87,10,2026,7,11,125000,12.5
서울 강동구,강일동,고덕리엔파크2단지,2011,고덕로,59.72,11,2026,7,7,129000,12.9
서울 강동구,성내동,성내동삼성아파트,1999,풍성로,59.88,15,2026,7,6,140500,14.05
서울 강동구,강일동,고덕리엔파크2단지,2011,고덕로,59.83,7,2026,7,4,127500,12.75
서울 강동구,성내동,성내동삼성아파트,1999,풍성로,59.88,18,2026,7,4,143000,14.3
서울 강동구,성내동,성내동삼성아파트,1999,풍성로,59.88,4,2026,7,4,141000,14.1
서울 강동구,강일동,강동리버스트4단지,2020,아리수로93가길,59.99,16,2026,7,1,114700,11.47
서울 강동구,성내동,성내동삼성아파트,1999,풍성로,59.88,10,2026,7,1,139000,13.9
서울 강동구,둔촌동,둔촌하이츠,1998,명일로,59.79,18,2026,8,4,114000,11.4
경기 수원시 장안구,정자동,화서역파크푸르지오,2021,대평로,59.78,31,2026,2,25,110000,11.0
경기 수원시 장안구,정자동,화서역파크푸르지오,2021,대평로,59.98,26,2026,3,28,110000,11.0
경기 수원시 장안구,정자동,화서역파크푸르지오,2021,대평로,59.78,14,2026,3,12,110000,11.0
경기 수원시 장안구,정자동,화서역파크푸르지오,2021,대평로,59.78,16,2026,5,23,112000,11.2
경기 수원시 장안구,정자동,화서역파크푸르지오,2021,대평로,59.78,17,2026,5,14,112800,11.28
경기 수원시 장안구,정자동,화서역파크푸르지오,2021,대평로,59.78,12,2026,6,28,115000,11.5
경기 수원시 장안구,정자동,화서역파크푸르지오,2021,대평로,59.98,10,2026,6,24,113500,11.35
경기 수원시 장안구,정자동,화서역파크푸르지오,2021,대평로,59.78,33,2026,6,17,119000,11.9
경기 수원시 장안구,정자동,화서역파크푸르지오,2021,대평로,59.78,7,2026,6,17,113000,11.3
경기 수원시 장안구,정자동,화서역파크푸르지오,2021,대평로,59.78,4,2026,6,12,114500,11.45
경기 수원시 장안구,정자동,화서역파크푸르지오,2021,대평로,59.78,44,2026,7,25,120000,12.0
경기 수원시 장안구,정자동,화서역파크푸르지오,2021,대평로,59.78,42,2026,7,19,122000,12.2
경기 수원시 장안구,정자동,화서역파크푸르지오,2021,대평로,59.78,6,2026,7,18,110000,11.0
경기 수원시 장안구,정자동,화서역파크푸르지오,2021,대평로,59.98,21,2026,7,5,120000,12.0
경기 수원시 영통구,원천동,광교호반베르디움,2014,광교호수공원로,59.9306,29,2026,2,20,110000,11.0
경기 수원시 영통구,원천동,광교호반베르디움,2014,광교호수공원로,59.9718,31,2026,2,7,110000,11.0
경기 수원시 영통구,원천동,광교호반베르디움,2014,광교호수공원로,59.9831,17,2026,3,7,117400,11.74
경기 수원시 영통구,원천동,광교호반베르디움,2014,광교호수공원로,59.9306,15,2026,5,28,111500,11.15
경기 수원시 영통구,원천동,광교호반베르디움,2014,광교호수공원로,59.9718,22,2026,5,26,117000,11.7
경기 수원시 영통구,원천동,광교호반베르디움,2014,광교호수공원로,59.9831,7,2026,5,12,110000,11.0
경기 수원시 영통구,원천동,광교호반베르디움,2014,광교호수공원로,59.9831,10,2026,6,24,116500,11.65
경기 수원시 영통구,원천동,광교호반베르디움,2014,광교호수공원로,59.9306,3,2026,6,13,110000,11.0
경기 수원시 영통구,원천동,광교호반베르디움,2014,광교호수공원로,59.9831,6,2026,7,15,117500,11.75
경기 수원시 영통구,원천동,광교호반베르디움,2014,광교호수공원로,59.9718,4,2026,7,15,113000,11.3
경기 수원시 영통구,원천동,광교호반베르디움,2014,광교호수공원로,59.9306,28,2026,7,11,115000,11.5
경기 수원시 영통구,원천동,광교호반베르디움,2014,광교호수공원로,59.9306,10,2026,7,11,113000,11.3
경기 수원시 영통구,원천동,광교호반베르디움,2014,광교호수공원로,59.9306,19,2026,7,4,115000,11.5
경기 수원시 영통구,원천동,광교호반베르디움,2014,광교호수공원로,59.9831,12,2026,7,1,116000,11.6
경기 성남시 수정구,신흥동,산성역자이푸르지오1단지,2024,수정로,59.98,27,2026,1,29,123000,12.3
경기 성남시 수정구,신흥동,산성역포레스티아,2020,수정로,59.84,6,2026,1,28,128000,12.8
경기 성남시 수정구,신흥동,산성역자이푸르지오1단지,2024,수정로,59.97,8,2026,1,24,120000,12.0
경기 성남시 수정구,신흥동,산성역자이푸르지오2단지,2024,수정로,59.98,1,2026,1,22,113500,11.35
경기 성남시 수정구,신흥동,산성역자이푸르지오3단지,2024,희망로,59.98,4,2026,1,16,121000,12.1
경기 성남시 수정구,신흥동,산성역자이푸르지오1단지,2024,수정로,59.97,23,2026,1,17,118000,11.8
경기 성남시 수정구,신흥동,산성역포레스티아,2020,수정로,59.84,12,2026,1,6,125000,12.5
경기 성남시 수정구,신흥동,산성역자이푸르지오1단지,2024,수정로,59.97,17,2026,1,16,120000,12.0
경기 성남시 수정구,신흥동,산성역자이푸르지오1단지,2024,수정로,59.98,21,2026,1,16,116000,11.6
경기 성남시 수정구,신흥동,산성역자이푸르지오2단지,2024,수정로,59.98,5,2026,1,16,117000,11.7
경기 성남시 수정구,신흥동,산성역자이푸르지오2단지,2024,수정로,59.98,18,2026,1,8,120000,12.0
경기 성남시 수정구,신흥동,산성역자이푸르지오2단지,2024,수정로,59.98,16,2026,1,3,117500,11.75
경기 성남시 수정구,신흥동,산성역포레스티아,2020,수정로,59.84,6,2026,2,23,137000,13.7
경기 성남시 수정구,신흥동,산성역자이푸르지오2단지,2024,수정로,59.98,15,2026,2,26,130000,13.0
경기 성남시 수정구,신흥동,산성역자이푸르지오1단지,2024,수정로,59.98,16,2026,2,26,126000,12.6
경기 성남시 수정구,신흥동,산성역자이푸르지오1단지,2024,수정로,59.98,22,2026,2,21,125500,12.55
경기 성남시 수정구,신흥동,산성역자이푸르지오1단지,2024,수정로,59.98,28,2026,2,19,127000,12.7
경기 성남시 수정구,단대동,단대푸르지오,2012,산성대로437번길,59.85,14,2026,2,12,112000,11.2
경기 성남시 수정구,신흥동,산성역자이푸르지오3단지,2024,희망로,59.87,22,2026,2,11,127000,12.7
경기 성남시 수정구,신흥동,산성역자이푸르지오1단지,2024,수정로,59.98,3,2026,3,30,121500,12.15
경기 성남시 수정구,단대동,단대푸르지오,2012,산성대로437번길,59.85,19,2026,3,8,112000,11.2
경기 성남시 수정구,단대동,단대푸르지오,2012,산성대로437번길,59.85,20,2026,3,21,118000,11.8
경기 성남시 수정구,신흥동,산성역자이푸르지오2단지,2024,수정로,59.98,7,2026,3,21,129000,12.9
경기 성남시 수정구,신흥동,산성역포레스티아,2020,수정로,59.84,21,2026,3,20,139000,13.9
경기 성남시 수정구,신흥동,산성역자이푸르지오3단지,2024,희망로,59.87,14,2026,3,9,130000,13.0
경기 성남시 수정구,신흥동,산성역자이푸르지오3단지,2024,희망로,59.97,5,2026,3,7,129000,12.9
경기 성남시 수정구,신흥동,산성역자이푸르지오1단지,2024,수정로,59.96,23,2026,4,27,128000,12.8
경기 성남시 수정구,신흥동,산성역자이푸르지오2단지,2024,수정로,59.98,17,2026,4,27,128000,12.8
경기 성남시 수정구,신흥동,산성역자이푸르지오2단지,2024,수정로,59.96,4,2026,4,25,127500,12.75
경기 성남시 수정구,신흥동,산성역포레스티아,2020,수정로,59.84,6,2026,4,24,134000,13.4
경기 성남시 수정구,신흥동,산성역자이푸르지오2단지,2024,수정로,59.98,6,2026,4,24,123000,12.3
경기 성남시 수정구,신흥동,산성역자이푸르지오1단지,2024,수정로,59.97,22,2026,4,18,127000,12.7
경기 성남시 수정구,신흥동,산성역자이푸르지오1단지,2024,수정로,59.98,5,2026,4,18,125000,12.5
경기 성남시 수정구,신흥동,산성역자이푸르지오1단지,2024,수정로,59.98,4,2026,4,16,127500,12.75
경기 성남시 수정구,신흥동,산성역자이푸르지오2단지,2024,수정로,59.98,10,2026,4,13,127000,12.7
경기 성남시 수정구,단대동,단대푸르지오,2012,산성대로437번길,59.85,15,2026,4,11,112000,11.2
경기 성남시 수정구,신흥동,산성역자이푸르지오2단지,2024,수정로,59.98,12,2026,4,13,129000,12.9
경기 성남시 수정구,신흥동,산성역자이푸르지오3단지,2024,희망로,59.98,16,2026,4,10,128000,12.8
경기 성남시 수정구,신흥동,산성역자이푸르지오2단지,2024,수정로,59.97,5,2026,4,2,119000,11.9
경기 성남시 수정구,신흥동,산성역포레스티아,2020,수정로,59.84,16,2026,4,4,135000,13.5
경기 성남시 수정구,신흥동,산성역자이푸르지오1단지,2024,수정로,59.97,24,2026,4,4,127500,12.75
경기 성남시 수정구,신흥동,산성역자이푸르지오1단지,2024,수정로,59.97,19,2026,4,3,129000,12.9
경기 성남시 수정구,신흥동,산성역자이푸르지오1단지,2024,수정로,59.98,28,2026,4,3,127900,12.79
경기 성남시 수정구,신흥동,산성역자이푸르지오2단지,2024,수정로,59.98,24,2026,4,1,128000,12.8
경기 성남시 수정구,단대동,단대푸르지오,2012,산성대로437번길,59.85,9,2026,5,21,117000,11.7
경기 성남시 수정구,신흥동,산성역포레스티아,2020,수정로,59.84,1,2026,5,30,130000,13.0
경기 성남시 수정구,단대동,단대푸르지오,2012,산성대로437번길,59.85,17,2026,5,30,118000,11.8
경기 성남시 수정구,신흥동,산성역자이푸르지오1단지,2024,수정로,59.98,9,2026,5,27,127500,12.75
경기 성남시 수정구,신흥동,산성역자이푸르지오2단지,2024,수정로,59.97,18,2026,5,27,125000,12.5
경기 성남시 수정구,신흥동,산성역자이푸르지오1단지,2024,수정로,59.97,1,2026,5,26,117000,11.7
경기 성남시 수정구,신흥동,산성역포레스티아,2020,수정로,59.84,3,2026,5,25,140000,14.0
경기 성남시 수정구,신흥동,산성역자이푸르지오3단지,2024,희망로,59.87,22,2026,5,24,129000,12.9
경기 성남시 수정구,신흥동,산성역자이푸르지오1단지,2024,수정로,59.97,5,2026,5,21,122000,12.2
경기 성남시 수정구,신흥동,산성역자이푸르지오3단지,2024,희망로,59.98,29,2026,5,20,126000,12.6
경기 성남시 수정구,신흥동,산성역자이푸르지오3단지,2024,희망로,59.87,21,2026,5,8,124000,12.4
경기 성남시 수정구,신흥동,산성역포레스티아,2020,수정로,59.84,2,2026,5,18,135500,13.55
경기 성남시 수정구,신흥동,산성역자이푸르지오2단지,2024,수정로,59.98,27,2026,5,7,125500,12.55
경기 성남시 수정구,신흥동,산성역자이푸르지오1단지,2024,수정로,59.97,17,2026,5,16,128000,12.8
경기 성남시 수정구,신흥동,산성역자이푸르지오3단지,2024,희망로,59.98,7,2026,5,15,128000,12.8
경기 성남시 수정구,신흥동,산성역포레스티아,2020,수정로,59.84,6,2026,5,14,134000,13.4
경기 성남시 수정구,신흥동,산성역자이푸르지오1단지,2024,수정로,59.98,13,2026,5,12,124000,12.4
경기 성남시 수정구,신흥동,산성역자이푸르지오1단지,2024,수정로,59.97,10,2026,5,9,123000,12.3
경기 성남시 수정구,신흥동,산성역포레스티아,2020,수정로,59.84,24,2026,5,9,135000,13.5
경기 성남시 수정구,신흥동,산성역자이푸르지오2단지,2024,수정로,59.98,5,2026,5,8,121500,12.15
경기 성남시 수정구,신흥동,산성역포레스티아,2020,수정로,59.84,23,2026,5,8,130000,13.0
경기 성남시 수정구,신흥동,산성역포레스티아,2020,수정로,59.84,16,2026,5,8,130000,13.0
경기 성남시 수정구,신흥동,산성역자이푸르지오2단지,2024,수정로,59.97,15,2026,5,7,126000,12.6
경기 성남시 수정구,신흥동,산성역자이푸르지오3단지,2024,희망로,59.87,4,2026,5,7,119000,11.9
경기 성남시 수정구,신흥동,산성역자이푸르지오1단지,2024,수정로,59.98,11,2026,5,7,125000,12.5
경기 성남시 수정구,신흥동,산성역자이푸르지오2단지,2024,수정로,59.98,19,2026,5,7,125000,12.5
경기 성남시 수정구,신흥동,산성역자이푸르지오2단지,2024,수정로,59.98,26,2026,5,7,123500,12.35
경기 성남시 수정구,신흥동,산성역자이푸르지오1단지,2024,수정로,59.97,14,2026,5,6,122000,12.2
경기 성남시 수정구,신흥동,산성역자이푸르지오2단지,2024,수정로,59.98,8,2026,5,5,123000,12.3
경기 성남시 수정구,신흥동,산성역자이푸르지오1단지,2024,수정로,59.98,22,2026,5,5,126000,12.6
경기 성남시 수정구,신흥동,산성역자이푸르지오2단지,2024,수정로,59.98,6,2026,5,5,121500,12.15
경기 성남시 수정구,신흥동,산성역자이푸르지오2단지,2024,수정로,59.98,20,2026,5,5,125000,12.5
경기 성남시 수정구,신흥동,산성역포레스티아,2020,수정로,59.84,28,2026,5,4,134000,13.4
경기 성남시 수정구,신흥동,산성역자이푸르지오2단지,2024,수정로,59.98,28,2026,5,4,123500,12.35
경기 성남시 수정구,신흥동,산성역자이푸르지오1단지,2024,수정로,59.97,1,2026,5,1,125000,12.5
경기 성남시 수정구,신흥동,산성역자이푸르지오2단지,2024,수정로,59.98,4,2026,6,27,131800,13.18
경기 성남시 수정구,단대동,단대푸르지오,2012,산성대로437번길,59.8,9,2026,6,25,124000,12.4
경기 성남시 수정구,신흥동,산성역자이푸르지오1단지,2024,수정로,59.97,15,2026,6,25,133000,13.3
경기 성남시 수정구,신흥동,산성역자이푸르지오2단지,2024,수정로,59.98,21,2026,6,22,135000,13.5
경기 성남시 수정구,단대동,단대푸르지오,2012,산성대로437번길,59.97,12,2026,6,19,120000,12.0
경기 성남시 수정구,신흥동,산성역자이푸르지오1단지,2024,수정로,59.97,23,2026,6,19,129500,12.95
경기 성남시 수정구,신흥동,산성역자이푸르지오2단지,2024,수정로,59.97,8,2026,6,18,130000,13.0
경기 성남시 수정구,신흥동,산성역자이푸르지오1단지,2024,수정로,59.98,6,2026,6,16,130800,13.08
경기 성남시 수정구,신흥동,산성역자이푸르지오1단지,2024,수정로,59.97,24,2026,6,11,130000,13.0
경기 성남시 수정구,신흥동,산성역포레스티아,2020,수정로,59.84,22,2026,6,11,144500,14.45
경기 성남시 수정구,신흥동,산성역포레스티아,2020,수정로,59.84,7,2026,6,10,135000,13.5
경기 성남시 수정구,신흥동,산성역포레스티아,2020,수정로,59.84,16,2026,6,9,137500,13.75
경기 성남시 수정구,신흥동,산성역자이푸르지오2단지,2024,수정로,59.98,1,2026,6,6,121500,12.15
경기 성남시 수정구,신흥동,산성역자이푸르지오2단지,2024,수정로,59.98,2,2026,6,6,126000,12.6
경기 성남시 수정구,신흥동,산성역자이푸르지오1단지,2024,수정로,59.97,1,2026,6,5,126000,12.6
경기 성남시 수정구,신흥동,산성역자이푸르지오1단지,2024,수정로,59.97,10,2026,6,5,130000,13.0
경기 성남시 수정구,신흥동,산성역자이푸르지오3단지,2024,희망로,59.98,7,2026,6,1,125000,12.5
경기 성남시 수정구,신흥동,산성역자이푸르지오1단지,2024,수정로,59.98,13,2026,7,27,128500,12.85
경기 성남시 수정구,신흥동,산성역포레스티아,2020,수정로,59.84,14,2026,7,21,150000,15.0
경기 성남시 수정구,신흥동,산성역자이푸르지오2단지,2024,수정로,59.98,9,2026,7,11,127500,12.75
경기 성남시 수정구,신흥동,산성역자이푸르지오2단지,2024,수정로,59.98,14,2026,7,11,126000,12.6
경기 성남시 수정구,신흥동,산성역자이푸르지오3단지,2024,희망로,59.98,27,2026,7,3,133000,13.3
경기 성남시 수정구,신흥동,산성역포레스티아,2020,수정로,59.84,17,2026,7,11,150000,15.0
경기 성남시 수정구,신흥동,산성역자이푸르지오1단지,2024,수정로,59.98,2,2026,7,10,127000,12.7
경기 성남시 수정구,신흥동,산성역포레스티아,2020,수정로,59.84,5,2026,7,9,142500,14.25
경기 성남시 수정구,신흥동,산성역자이푸르지오2단지,2024,수정로,59.98,14,2026,7,9,130000,13.0
경기 성남시 수정구,신흥동,산성역자이푸르지오1단지,2024,수정로,59.98,15,2026,7,3,130000,13.0
경기 성남시 수정구,신흥동,산성역자이푸르지오3단지,2024,희망로,59.98,16,2026,8,4,136000,13.6
경기 성남시 수정구,신흥동,산성역포레스티아,2020,수정로,59.84,12,2026,8,4,135000,13.5
경기 성남시 중원구,중앙동,신흥역하늘채랜더스원1단지,2022,광명로,59.88,2,2026,1,28,116700,11.67
경기 성남시 중원구,중앙동,신흥역하늘채랜더스원1단지,2022,광명로,59.88,6,2026,1,31,120000,12.0
경기 성남시 중원구,금광동,e편한세상금빛그랑메종1단지,2023,금광로,59.98,6,2026,1,23,114200,11.42
경기 성남시 중원구,금광동,e편한세상금빛그랑메종1단지,2023,금광로,59.95,2,2026,1,22,110000,11.0
경기 성남시 중원구,중앙동,신흥역하늘채랜더스원1단지,2022,광명로,59.88,8,2026,1,19,116000,11.6
경기 성남시 중원구,금광동,e편한세상금빛그랑메종1단지,2023,금광로,59.98,5,2026,1,18,113700,11.37
경기 성남시 중원구,금광동,e편한세상금빛그랑메종1단지,2023,금광로,59.95,4,2026,1,3,114800,11.48
경기 성남시 중원구,중앙동,신흥역하늘채랜더스원2단지,2022,광명로,59.88,6,2026,2,28,119500,11.95
경기 성남시 중원구,금광동,e편한세상금빛그랑메종1단지,2023,금광로,59.98,17,2026,2,26,123000,12.3
경기 성남시 중원구,금광동,e편한세상금빛그랑메종1단지,2023,금광로,59.98,23,2026,2,15,119000,11.9
경기 성남시 중원구,금광동,e편한세상금빛그랑메종4단지,2023,금광로,59.98,23,2026,3,31,111000,11.1
경기 성남시 중원구,중앙동,신흥역하늘채랜더스원1단지,2022,광명로,59.83,8,2026,3,9,120000,12.0
경기 성남시 중원구,금광동,e편한세상금빛그랑메종4단지,2023,금광로,59.95,6,2026,3,27,110000,11.0
경기 성남시 중원구,중앙동,신흥역하늘채랜더스원1단지,2022,광명로,59.88,7,2026,3,8,125000,12.5
경기 성남시 중원구,여수동,산들마을2단지,2015,여수울로,59.94,12,2026,3,6,116000,11.6
경기 성남시 중원구,중앙동,신흥역하늘채랜더스원2단지,2022,광명로,59.88,1,2026,3,22,115500,11.55
경기 성남시 중원구,금광동,e편한세상금빛그랑메종4단지,2023,금광로,59.98,20,2026,3,7,110000,11.0
경기 성남시 중원구,중앙동,신흥역하늘채랜더스원2단지,2022,광명로,59.88,2,2026,3,4,119000,11.9
경기 성남시 중원구,중앙동,신흥역하늘채랜더스원2단지,2022,광명로,59.88,20,2026,4,23,114800,11.48
경기 성남시 중원구,여수동,산들마을2단지,2015,여수울로,59.94,12,2026,4,18,112000,11.2
경기 성남시 중원구,중앙동,신흥역하늘채랜더스원1단지,2022,광명로,59.88,7,2026,4,14,123000,12.3
경기 성남시 중원구,금광동,e편한세상금빛그랑메종4단지,2023,금광로,59.95,14,2026,4,14,110000,11.0
경기 성남시 중원구,중앙동,신흥역하늘채랜더스원2단지,2022,광명로,59.88,13,2026,4,13,119900,11.99
경기 성남시 중원구,중앙동,신흥역하늘채랜더스원3단지,2022,광명로,59.88,14,2026,4,7,122000,12.2
경기 성남시 중원구,중앙동,신흥역하늘채랜더스원1단지,2022,광명로,59.88,15,2026,4,2,127000,12.7
경기 성남시 중원구,금광동,e편한세상금빛그랑메종1단지,2023,금광로,59.98,19,2026,4,3,123000,12.3
경기 성남시 중원구,금광동,e편한세상금빛그랑메종1단지,2023,금광로,59.98,2,2026,4,3,119500,11.95
경기 성남시 중원구,중앙동,신흥역하늘채랜더스원1단지,2022,광명로,59.88,9,2026,5,4,127000,12.7
경기 성남시 중원구,금광동,e편한세상금빛그랑메종1단지,2023,금광로,59.98,15,2026,5,29,124500,12.45
경기 성남시 중원구,중앙동,신흥역하늘채랜더스원3단지,2022,광명로,59.88,8,2026,5,29,125000,12.5
경기 성남시 중원구,금광동,e편한세상금빛그랑메종1단지,2023,금광로,59.98,16,2026,5,23,124500,12.45
경기 성남시 중원구,중앙동,신흥역하늘채랜더스원3단지,2022,광명로,59.88,10,2026,5,24,126500,12.65
경기 성남시 중원구,금광동,e편한세상금빛그랑메종1단지,2023,금광로,59.98,8,2026,5,23,117000,11.7
경기 성남시 중원구,중앙동,신흥역하늘채랜더스원2단지,2022,광명로,59.88,8,2026,5,18,119900,11.99
경기 성남시 중원구,중앙동,신흥역하늘채랜더스원3단지,2022,광명로,59.88,16,2026,5,8,127000,12.7
경기 성남시 중원구,중앙동,신흥역하늘채랜더스원1단지,2022,광명로,59.88,13,2026,5,16,128800,12.88
경기 성남시 중원구,금광동,e편한세상금빛그랑메종1단지,2023,금광로,59.95,17,2026,5,14,122500,12.25
경기 성남시 중원구,중앙동,신흥역하늘채랜더스원2단지,2022,광명로,59.88,3,2026,5,4,120000,12.0
경기 성남시 중원구,중앙동,신흥역하늘채랜더스원1단지,2022,광명로,59.88,6,2026,5,9,123500,12.35
경기 성남시 중원구,금광동,e편한세상금빛그랑메종4단지,2023,금광로,59.98,14,2026,5,9,112500,11.25
경기 성남시 중원구,금광동,e편한세상금빛그랑메종4단지,2023,금광로,59.98,26,2026,5,8,111000,11.1
경기 성남시 중원구,금광동,e편한세상금빛그랑메종1단지,2023,금광로,59.98,9,2026,5,9,118000,11.8
경기 성남시 중원구,중앙동,신흥역하늘채랜더스원1단지,2022,광명로,59.88,9,2026,5,8,124500,12.45
경기 성남시 중원구,금광동,e편한세상금빛그랑메종1단지,2023,금광로,59.95,7,2026,5,7,119000,11.9
경기 성남시 중원구,금광동,e편한세상금빛그랑메종4단지,2023,금광로,59.98,14,2026,5,5,111000,11.1
경기 성남시 중원구,금광동,e편한세상금빛그랑메종4단지,2023,금광로,59.98,27,2026,5,5,110300,11.03
경기 성남시 중원구,금광동,e편한세상금빛그랑메종4단지,2023,금광로,59.95,18,2026,5,4,111000,11.1
경기 성남시 중원구,금광동,e편한세상금빛그랑메종1단지,2023,금광로,59.98,26,2026,5,2,115000,11.5
경기 성남시 중원구,중앙동,신흥역하늘채랜더스원2단지,2022,광명로,59.88,10,2026,6,27,121000,12.1
경기 성남시 중원구,금광동,e편한세상금빛그랑메종1단지,2023,금광로,59.95,23,2026,6,27,127000,12.7
경기 성남시 중원구,금광동,e편한세상금빛그랑메종4단지,2023,금광로,59.98,15,2026,6,25,116000,11.6
경기 성남시 중원구,중앙동,신흥역하늘채랜더스원2단지,2022,광명로,59.88,16,2026,6,25,124000,12.4
경기 성남시 중원구,금광동,e편한세상금빛그랑메종4단지,2023,금광로,59.98,7,2026,6,20,118000,11.8
경기 성남시 중원구,금광동,e편한세상금빛그랑메종1단지,2023,금광로,59.98,17,2026,6,19,124500,12.45
경기 성남시 중원구,금광동,e편한세상금빛그랑메종3단지,2023,금광로,59.95,20,2026,6,17,110000,11.0
경기 성남시 중원구,중앙동,신흥역하늘채랜더스원1단지,2022,광명로,59.88,12,2026,6,11,131000,13.1
경기 성남시 중원구,금광동,e편한세상금빛그랑메종1단지,2023,금광로,59.95,23,2026,6,10,120000,12.0
경기 성남시 중원구,금광동,e편한세상금빛그랑메종1단지,2023,금광로,59.98,5,2026,6,1,119500,11.95
경기 성남시 중원구,금광동,e편한세상금빛그랑메종4단지,2023,금광로,59.95,10,2026,6,1,110000,11.0
경기 성남시 중원구,중앙동,신흥역하늘채랜더스원2단지,2022,광명로,59.88,1,2026,7,28,129500,12.95
경기 성남시 중원구,중앙동,신흥역하늘채랜더스원2단지,2022,광명로,59.88,5,2026,7,25,131300,13.13
경기 성남시 중원구,금광동,e편한세상금빛그랑메종3단지,2023,금광로,59.9,13,2026,7,27,115000,11.5
경기 성남시 중원구,금광동,e편한세상금빛그랑메종2단지,2023,금광로,59.9,12,2026,7,27,113000,11.3
경기 성남시 중원구,중앙동,신흥역하늘채랜더스원1단지,2022,광명로,59.88,10,2026,7,22,134000,13.4
경기 성남시 중원구,금광동,e편한세상금빛그랑메종5단지,2023,금광로,59.98,17,2026,7,14,113000,11.3
경기 성남시 중원구,금광동,e편한세상금빛그랑메종1단지,2023,금광로,59.98,8,2026,7,12,127700,12.77
경기 성남시 중원구,중앙동,신흥역하늘채랜더스원2단지,2022,광명로,59.88,19,2026,7,11,130000,13.0
경기 성남시 중원구,금광동,e편한세상금빛그랑메종1단지,2023,금광로,59.98,19,2026,7,7,122000,12.2
경기 성남시 중원구,여수동,산들마을2단지,2015,여수울로,59.94,14,2026,7,7,112500,11.25
경기 성남시 중원구,여수동,산들마을2단지,2015,여수울로,59.94,10,2026,7,3,115000,11.5
경기 성남시 분당구,야탑동,장미마을(동부),1993,장미로,59.76,14,2026,1,26,123000,12.3
경기 성남시 분당구,구미동,무지개(4단지)(주공),1995,미금로,58.14,1,2026,1,29,116300,11.63
경기 성남시 분당구,운중동,산운마을11단지(판교포레라움),2009,판교원로,59.9,14,2026,1,17,148500,14.85
경기 성남시 분당구,금곡동,청솔마을(한라),1995,정자일로,58.8,11,2026,1,29,150000,15.0
경기 성남시 분당구,운중동,산운마을11단지(판교포레라움),2009,판교원로,59.84,5,2026,1,29,149000,14.9
경기 성남시 분당구,금곡동,청솔마을(공무원),1994,금곡로,58.71,11,2026,1,28,130000,13.0
경기 성남시 분당구,구미동,무지개(5단지)(청구),1995,무지개로,58.49,3,2026,1,27,120000,12.0
경기 성남시 분당구,운중동,산운마을12단지판교센트럴포레와이시티,2009,판교원로,59.9,7,2026,1,25,144500,14.45
경기 성남시 분당구,구미동,까치마을(2단지)(주공),1995,미금일로,59.98,13,2026,1,10,133500,13.35
경기 성남시 분당구,구미동,까치마을(2단지)(주공),1995,미금일로,58.14,8,2026,1,26,139000,13.9
경기 성남시 분당구,판교동,판교원마을6단지(판교대광로제비앙),2009,판교원로,58.14,8,2026,1,26,145000,14.5
경기 성남시 분당구,구미동,까치마을(2단지)(주공),1995,미금일로,59.98,24,2026,1,25,136000,13.6
경기 성남시 분당구,운중동,산운마을12단지판교센트럴포레와이시티,2009,판교원로,59.9,3,2026,1,24,147000,14.7
경기 성남시 분당구,야탑동,탑마을(벽산),1994,야탑로,59.91,16,2026,1,22,121500,12.15
경기 성남시 분당구,구미동,무지개(5단지)(청구),1995,무지개로,58.49,3,2026,1,22,120000,12.0
경기 성남시 분당구,판교동,판교원마을6단지(판교대광로제비앙),2009,판교원로,58.24,15,2026,1,22,138500,13.85
경기 성남시 분당구,분당동,샛별마을(라이프),1992,분당로,58.17,10,2026,1,11,142500,14.25
경기 성남시 분당구,운중동,산운마을12단지판교센트럴포레와이시티,2009,판교원로,59.84,5,2026,1,19,144500,14.45
경기 성남시 분당구,정자동,한솔마을(6단지)(주공),1995,내정로,58.19,4,2026,1,16,143000,14.3
경기 성남시 분당구,판교동,판교원마을6단지(판교대광로제비앙),2009,판교원로,58.24,16,2026,1,17,134300,13.43
경기 성남시 분당구,수내동,푸른마을(신성),1992,수내로,59.78,4,2026,1,17,140000,14.0
경기 성남시 분당구,구미동,까치마을(3단지)(신원),1995,미금로,59.9,7,2026,1,17,149000,14.9
경기 성남시 분당구,구미동,무지개(5단지)(청구),1995,무지개로,58.49,5,2026,1,17,119500,11.95
경기 성남시 분당구,정자동,한솔마을(6단지)(주공),1995,내정로,58.19,11,2026,1,15,150000,15.0
경기 성남시 분당구,구미동,까치마을(2단지)(주공),1995,미금일로,58.14,8,2026,1,14,142500,14.25
경기 성남시 분당구,수내동,푸른마을(신성),1992,수내로,59.78,1,2026,1,13,128000,12.8
경기 성남시 분당구,금곡동,청솔마을(한라),1995,정자일로,58.8,8,2026,1,9,144500,14.45
경기 성남시 분당구,수내동,"양지마을(6단지)(금호,청구)",1992,내정로165번길,59.94,11,2026,1,10,133500,13.35
경기 성남시 분당구,구미동,무지개(5단지)(청구),1995,무지개로,58.49,4,2026,1,10,119000,11.9
경기 성남시 분당구,금곡동,청솔마을(한라),1995,정자일로,58.8,8,2026,1,9,150000,15.0
경기 성남시 분당구,이매동,아름마을(한성),1992,판교로,59.46,3,2026,1,9,133000,13.3
경기 성남시 분당구,야탑동,탑마을(경남)1,1994,판교로,59.91,13,2026,1,9,132000,13.2
경기 성남시 분당구,구미동,무지개(5단지)(청구),1995,무지개로,58.49,4,2026,1,7,116500,11.65
경기 성남시 분당구,이매동,아름마을(한성),1992,판교로,59.46,5,2026,1,6,125000,12.5
경기 성남시 분당구,수내동,푸른마을(벽산),1992,수내로,59.78,1,2026,1,2,129000,12.9
경기 성남시 분당구,수내동,푸른마을(신성),1992,수내로,59.78,3,2026,1,5,144500,14.45
경기 성남시 분당구,수내동,양지마을(6단지)(한양603동),1993,내정로173번길,59.76,18,2026,2,12,140000,14.0
경기 성남시 분당구,분당동,샛별마을(동성),1992,분당로,59.4,2,2026,2,21,130500,13.05
경기 성남시 분당구,분당동,샛별마을(라이프),1992,분당로,58.17,6,2026,2,23,134500,13.45
경기 성남시 분당구,운중동,산운마을11단지(판교포레라움),2009,판교원로,59.84,1,2026,2,25,139800,13.98
경기 성남시 분당구,야탑동,장미마을(현대),1993,장미로,59.4,12,2026,2,26,127500,12.75
경기 성남시 분당구,수내동,양지마을(6단지)(한양603동),1993,내정로173번길,59.76,19,2026,2,26,144700,14.47
경기 성남시 분당구,정자동,한솔마을(6단지)(주공),1995,내정로,58.71,6,2026,2,20,149500,14.95
경기 성남시 분당구,판교동,판교원마을6단지(판교대광로제비앙),2009,판교원로,59.667,12,2026,2,24,142000,14.2
경기 성남시 분당구,구미동,까치마을(2단지)(주공),1995,미금일로,58.14,7,2026,2,23,149500,14.95
경기 성남시 분당구,구미동,까치마을(2단지)(주공),1995,미금일로,59.98,10,2026,2,10,140000,14.0
경기 성남시 분당구,구미동,까치마을(2단지)(주공),1995,미금일로,59.98,7,2026,2,21,144700,14.47
경기 성남시 분당구,분당동,샛별마을(라이프),1992,분당로,58.17,11,2026,2,21,138000,13.8
경기 성남시 분당구,구미동,무지개(5단지)(청구),1995,무지개로,58.49,11,2026,2,19,128000,12.8
경기 성남시 분당구,야탑동,매화마을공무원2,1995,장미로,58.71,6,2026,2,14,110000,11.0
경기 성남시 분당구,야탑동,장미마을(현대),1993,장미로,59.4,7,2026,2,13,124000,12.4
경기 성남시 분당구,수내동,푸른마을(벽산),1992,수내로,59.78,4,2026,2,13,149500,14.95
경기 성남시 분당구,이매동,아름마을(삼호),1992,탄천로,59.79,5,2026,2,12,115000,11.5
경기 성남시 분당구,운중동,산운마을12단지판교센트럴포레와이시티,2009,판교원로,59.9,9,2026,2,8,149000,14.9
경기 성남시 분당구,판교동,판교원마을6단지(판교대광로제비앙),2009,판교원로,59.667,17,2026,2,6,145000,14.5
경기 성남시 분당구,판교동,판교원마을6단지(판교대광로제비앙),2009,판교원로,59.667,19,2026,2,5,140000,14.0
경기 성남시 분당구,수내동,"양지마을(6단지)(금호,청구)",1992,내정로165번길,59.625,7,2026,2,3,141000,14.1
경기 성남시 분당구,수내동,양지마을(6단지)(한양603동),1993,내정로173번길,59.76,22,2026,3,31,142000,14.2
경기 성남시 분당구,수내동,파크타운(서안),1993,내정로174번길,59.32,7,2026,3,30,140000,14.0
경기 성남시 분당구,운중동,산운마을12단지판교센트럴포레와이시티,2009,판교원로,59.9,5,2026,3,7,150000,15.0
경기 성남시 분당구,분당동,샛별마을(동성),1992,분당로,59.4,2,2026,3,27,135000,13.5
경기 성남시 분당구,운중동,산운마을11단지(판교포레라움),2009,판교원로,59.84,4,2026,3,27,149800,14.98
경기 성남시 분당구,판교동,판교원마을6단지(판교대광로제비앙),2009,판교원로,58.14,8,2026,3,27,141000,14.1
경기 성남시 분당구,수내동,파크타운(대림),1993,내정로166번길,59.32,12,2026,3,27,140000,14.0
경기 성남시 분당구,분당동,샛별마을(라이프),1992,분당로,58.17,8,2026,3,10,138700,13.87
경기 성남시 분당구,야탑동,장미마을(현대),1993,장미로,59.4,11,2026,3,23,117500,11.75
경기 성남시 분당구,구미동,무지개(5단지)(청구),1995,무지개로,58.49,19,2026,3,17,119999,12.0
경기 성남시 분당구,운중동,산운마을11단지(판교포레라움),2009,판교원로,59.9,9,2026,3,13,149900,14.99
경기 성남시 분당구,구미동,무지개(5단지)(청구),1995,무지개로,58.49,7,2026,3,12,128000,12.8
경기 성남시 분당구,구미동,무지개(12단지)(주공),1995,미금로22번길,59.98,13,2026,3,7,113000,11.3
경기 성남시 분당구,분당동,샛별마을(동성),1992,분당로,59.4,7,2026,3,7,145000,14.5
경기 성남시 분당구,수내동,양지마을(6단지)(한양603동),1993,내정로173번길,59.76,18,2026,4,30,149500,14.95
경기 성남시 분당구,야탑동,장미마을(현대),1993,장미로,59.4,2,2026,4,16,116000,11.6
경기 성남시 분당구,야탑동,장미마을(현대),1993,장미로,59.4,8,2026,4,10,113000,11.3
경기 성남시 분당구,수내동,푸른마을(신성),1992,수내로,59.78,5,2026,4,30,139500,13.95
경기 성남시 분당구,금곡동,청솔마을(한라),1995,정자일로,58.8,12,2026,4,10,114100,11.41
경기 성남시 분당구,구미동,까치마을(2단지)(주공),1995,미금일로,58.14,8,2026,4,27,139500,13.95
경기 성남시 분당구,야탑동,장미마을(코오롱)1,1993,장미로,59.55,16,2026,4,27,130000,13.0
경기 성남시 분당구,판교동,판교원마을6단지(판교대광로제비앙),2009,판교원로,59.667,14,2026,4,27,140000,14.0
경기 성남시 분당구,운중동,산운마을8단지(부영사랑으로),2008,산운로,59.612,11,2026,4,27,150000,15.0
경기 성남시 분당구,분당동,샛별마을(동성),1992,분당로,59.4,10,2026,4,24,138000,13.8
경기 성남시 분당구,수내동,파크타운(대림),1993,내정로166번길,59.32,15,2026,4,23,136500,13.65
경기 성남시 분당구,수내동,푸른마을(신성),1992,수내로,59.78,3,2026,4,23,143000,14.3
경기 성남시 분당구,수내동,푸른마을(신성),1992,수내로,59.78,2,2026,4,23,139000,13.9
경기 성남시 분당구,이매동,아름마을(두산),1992,탄천로,59.79,4,2026,4,22,130000,13.0
경기 성남시 분당구,구미동,까치마을(2단지)(주공),1995,미금일로,59.98,8,2026,4,22,147500,14.75
경기 성남시 분당구,구미동,무지개(5단지)(청구),1995,무지개로,58.49,9,2026,4,20,113000,11.3
경기 성남시 분당구,이매동,아름마을(두산),1992,탄천로,59.79,1,2026,4,18,133000,13.3
경기 성남시 분당구,분당동,샛별마을(삼부),1992,수내로,59.82,3,2026,4,18,150000,15.0
경기 성남시 분당구,수내동,푸른마을(쌍용),1992,백현로,59.78,5,2026,4,18,133000,13.3
경기 성남시 분당구,수내동,"양지마을(6단지)(금호,청구)",1992,내정로165번길,59.94,7,2026,4,17,149000,14.9
경기 성남시 분당구,야탑동,장미마을(동부),1993,장미로,59.76,14,2026,4,17,128000,12.8
경기 성남시 분당구,금곡동,청솔마을(한라),1995,정자일로,58.8,12,2026,4,16,150000,15.0
경기 성남시 분당구,구미동,무지개(5단지)(청구),1995,무지개로,58.49,6,2026,4,15,116000,11.6
경기 성남시 분당구,야탑동,장미마을(동부),1993,장미로,59.76,3,2026,4,15,125000,12.5
경기 성남시 분당구,구미동,무지개(4단지)(주공),1995,미금로,59.98,2,2026,4,13,122679,12.27
경기 성남시 분당구,수내동,파크타운(서안),1993,내정로174번길,59.32,15,2026,4,7,135000,13.5
경기 성남시 분당구,수내동,파크타운(서안),1993,내정로174번길,59.32,9,2026,4,10,139000,13.9
경기 성남시 분당구,판교동,판교원마을6단지(판교대광로제비앙),2009,판교원로,58.14,10,2026,4,10,145000,14.5
경기 성남시 분당구,이매동,아름마을(삼호),1992,탄천로,59.79,1,2026,4,8,125000,12.5
경기 성남시 분당구,금곡동,청솔마을(공무원),1994,금곡로,58.19,14,2026,4,7,120000,12.0
경기 성남시 분당구,구미동,까치마을(3단지)(신원),1995,미금로,59.9,5,2026,4,5,145000,14.5
경기 성남시 분당구,수내동,양지마을(6단지)(한양603동),1993,내정로173번길,59.76,19,2026,4,4,147500,14.75
경기 성남시 분당구,정자동,한솔마을(6단지)(주공),1995,내정로,58.71,1,2026,4,3,132000,13.2
경기 성남시 분당구,이매동,이매촌(삼성),1994,양현로,59.535,4,2026,5,15,120800,12.08
경기 성남시 분당구,구미동,무지개(5단지)(청구),1995,무지개로,58.49,2,2026,5,29,113500,11.35
경기 성남시 분당구,정자동,더샵분당파크리버,2021,돌마로,59.9474,7,2026,5,11,144000,14.4
경기 성남시 분당구,금곡동,청솔마을(공무원),1994,금곡로,58.19,15,2026,5,8,130000,13.0
경기 성남시 분당구,구미동,까치마을(2단지)(주공),1995,미금일로,59.98,8,2026,5,23,148000,14.8
경기 성남시 분당구,구미동,무지개(5단지)(청구),1995,무지개로,58.49,17,2026,5,22,123000,12.3
경기 성남시 분당구,야탑동,탑마을(경남)1,1994,판교로,59.91,7,2026,5,15,132000,13.2
경기 성남시 분당구,이매동,이매촌(삼환),1994,양현로,59.87,8,2026,5,8,142000,14.2
경기 성남시 분당구,야탑동,장미마을(코오롱)1,1993,장미로,59.55,1,2026,5,12,130000,13.0
경기 성남시 분당구,구미동,까치마을(2단지)(주공),1995,미금일로,58.14,6,2026,5,2,145500,14.55
경기 성남시 분당구,야탑동,장미마을(코오롱)1,1993,장미로,59.55,11,2026,5,7,132000,13.2
경기 성남시 분당구,구미동,무지개(12단지)(주공),1995,미금로22번길,59.98,17,2026,5,7,111000,11.1
경기 성남시 분당구,수내동,양지마을(6단지)(한양603동),1993,내정로173번길,59.76,8,2026,5,6,146000,14.6
경기 성남시 분당구,금곡동,청솔마을(공무원),1994,금곡로,58.71,20,2026,5,6,125000,12.5
경기 성남시 분당구,금곡동,청솔마을(공무원),1994,금곡로,58.19,1,2026,5,4,119000,11.9
경기 성남시 분당구,분당동,샛별마을(삼부),1992,수내로,59.82,5,2026,5,4,136700,13.67
경기 성남시 분당구,구미동,무지개(12단지)(주공),1995,미금로22번길,59.98,7,2026,5,4,113500,11.35
경기 성남시 분당구,구미동,까치마을(2단지)(주공),1995,미금일로,58.14,6,2026,5,2,142000,14.2
경기 성남시 분당구,분당동,샛별마을(라이프),1992,분당로,58.17,4,2026,5,1,130000,13.0
경기 성남시 분당구,수내동,파크타운(서안),1993,내정로174번길,59.32,12,2026,5,1,138800,13.88
경기 성남시 분당구,수내동,"양지마을(6단지)(금호,청구)",1992,내정로165번길,59.94,11,2026,6,24,111000,11.1
경기 성남시 분당구,수내동,파크타운(서안),1993,내정로174번길,59.32,17,2026,6,8,150000,15.0
경기 성남시 분당구,야탑동,장미마을(동부),1993,장미로,59.76,14,2026,6,10,133000,13.3
경기 성남시 분당구,야탑동,장미마을(코오롱)1,1993,장미로,59.55,3,2026,6,28,134700,13.47
경기 성남시 분당구,수내동,양지마을(6단지)(한양603동),1993,내정로173번길,59.4,12,2026,6,25,146000,14.6
경기 성남시 분당구,야탑동,장미마을(동부),1993,장미로,59.76,6,2026,6,23,135000,13.5
경기 성남시 분당구,정자동,한솔마을(6단지)(주공),1995,내정로,58.71,14,2026,6,4,144000,14.4
경기 성남시 분당구,야탑동,탑마을(경남)1,1994,판교로,59.91,4,2026,6,20,135000,13.5
경기 성남시 분당구,수내동,푸른마을(벽산),1992,수내로,59.78,3,2026,6,16,142000,14.2
경기 성남시 분당구,판교동,판교원마을6단지(판교대광로제비앙),2009,판교원로,59.667,15,2026,6,20,148000,14.8
경기 성남시 분당구,서현동,효자촌(임광),1992,불정로,59.73,2,2026,6,19,139500,13.95
경기 성남시 분당구,분당동,샛별마을(동성),1992,분당로,59.4,1,2026,6,17,144000,14.4
경기 성남시 분당구,금곡동,청솔마을(공무원),1994,금곡로,58.19,5,2026,6,16,130000,13.0
경기 성남시 분당구,판교동,판교원마을6단지(판교대광로제비앙),2009,판교원로,59.667,9,2026,6,11,143000,14.3
경기 성남시 분당구,판교동,판교원마을6단지(판교대광로제비앙),2009,판교원로,59.667,7,2026,6,10,144000,14.4
경기 성남시 분당구,분당동,샛별마을(라이프),1992,분당로,58.17,3,2026,6,8,143800,14.38
경기 성남시 분당구,야탑동,장미마을(동부),1993,장미로,59.76,12,2026,6,6,134500,13.45
경기 성남시 분당구,이매동,이매촌(삼성),1994,양현로,59.535,5,2026,6,6,146000,14.6
경기 성남시 분당구,수내동,파크타운(서안),1993,내정로174번길,59.32,3,2026,6,5,137000,13.7
경기 성남시 분당구,판교동,판교원마을6단지(판교대광로제비앙),2009,판교원로,58.14,17,2026,6,4,148900,14.89
경기 성남시 분당구,구미동,무지개(12단지)(주공),1995,미금로22번길,58.14,8,2026,6,3,125000,12.5
경기 성남시 분당구,구미동,무지개(4단지)(주공),1995,미금로,58.14,6,2026,6,1,125090,12.51
경기 성남시 분당구,수내동,파크타운(대림),1993,내정로166번길,59.32,22,2026,6,1,150000,15.0
경기 성남시 분당구,야탑동,장미마을(현대),1993,장미로,59.4,8,2026,7,31,132000,13.2
경기 성남시 분당구,야탑동,매화마을공무원2,1995,장미로,58.71,12,2026,7,31,110000,11.0
경기 성남시 분당구,야탑동,매화마을공무원2,1995,장미로,58.71,18,2026,7,27,111000,11.1
경기 성남시 분당구,구미동,무지개(12단지)(주공),1995,미금로22번길,58.14,13,2026,7,8,116500,11.65
경기 성남시 분당구,수내동,양지마을(6단지)(한양603동),1993,내정로173번길,59.76,17,2026,7,18,147500,14.75
경기 성남시 분당구,수내동,양지마을(6단지)(한양603동),1993,내정로173번길,59.4,17,2026,7,16,146000,14.6
경기 성남시 분당구,구미동,무지개(12단지)(주공),1995,미금로22번길,59.98,18,2026,7,14,111000,11.1
경기 성남시 분당구,구미동,무지개(12단지)(주공),1995,미금로22번길,59.98,25,2026,7,11,112500,11.25
경기 성남시 분당구,야탑동,매화마을공무원1,1995,매화로,59.98,20,2026,7,10,113300,11.33
경기 성남시 분당구,야탑동,장미마을(동부),1993,장미로,59.76,14,2026,7,9,145000,14.5
경기 성남시 분당구,구미동,무지개(5단지)(청구),1995,무지개로,58.49,8,2026,7,9,123500,12.35
경기 성남시 분당구,구미동,무지개(12단지)(주공),1995,미금로22번길,59.98,11,2026,7,9,115000,11.5
경기 성남시 분당구,야탑동,장미마을(동부),1993,장미로,59.76,10,2026,7,8,138000,13.8
경기 성남시 분당구,금곡동,청솔마을(공무원),1994,금곡로,58.19,14,2026,7,8,149000,14.9
경기 성남시 분당구,구미동,까치마을(2단지)(주공),1995,미금일로,58.14,5,2026,7,6,150000,15.0
경기 성남시 분당구,수내동,푸른마을(쌍용),1992,백현로,59.78,4,2026,7,4,147000,14.7
경기 성남시 분당구,야탑동,장미마을(동부),1993,장미로,59.76,2,2026,7,4,129500,12.95
경기 안양시 동안구,호계동,평촌센텀퍼스트,2023,갈산로,59.997,16,2026,1,28,110000,11.0
경기 안양시 동안구,관양동,인덕원마을(삼성),1998,안양판교로,59.89,22,2026,1,23,115000,11.5
경기 안양시 동안구,관양동,평촌더샵센트럴시티,2016,시민대로327번길,59.997,10,2026,1,16,114000,11.4
경기 안양시 동안구,관양동,평촌더샵센트럴시티,2016,시민대로327번길,59.9861,13,2026,1,9,117000,11.7
경기 안양시 동안구,관양동,평촌더샵센트럴시티,2016,시민대로327번길,59.9861,4,2026,1,3,114800,11.48
경기 안양시 동안구,관양동,인덕원마을(삼성),1998,안양판교로,59.8,16,2026,2,28,117000,11.7
경기 안양시 동안구,호계동,평촌센텀퍼스트,2023,갈산로,59.997,22,2026,2,26,115000,11.5
경기 안양시 동안구,호계동,평촌센텀퍼스트,2023,갈산로,59.997,12,2026,2,26,116700,11.67
경기 안양시 동안구,호계동,평촌센텀퍼스트,2023,갈산로,59.7995,12,2026,2,24,110000,11.0
경기 안양시 동안구,평촌동,향촌마을현대5차,1993,귀인로,59.76,3,2026,2,23,110000,11.0
경기 안양시 동안구,관양동,인덕원마을(삼성),1998,안양판교로,59.8,14,2026,2,7,110000,11.0
경기 안양시 동안구,관양동,인덕원마을(삼성),1998,안양판교로,59.8,18,2026,2,19,112000,11.2
경기 안양시 동안구,관양동,평촌더샵센트럴시티,2016,시민대로327번길,59.997,22,2026,2,11,120000,12.0
경기 안양시 동안구,관양동,평촌더샵센트럴시티,2016,시민대로327번길,59.997,3,2026,2,9,114000,11.4
경기 안양시 동안구,호계동,평촌센텀퍼스트,2023,갈산로,59.997,21,2026,2,5,110000,11.0
경기 안양시 동안구,호계동,평촌센텀퍼스트,2023,갈산로,59.997,5,2026,3,30,115000,11.5
경기 안양시 동안구,관양동,인덕원마을(삼성),1998,안양판교로,59.8,21,2026,3,14,115000,11.5
경기 안양시 동안구,관양동,평촌더샵센트럴시티,2016,시민대로327번길,59.997,5,2026,3,26,120000,12.0
경기 안양시 동안구,평촌동,향촌마을현대5차,1993,귀인로,59.76,11,2026,3,26,115000,11.5
경기 안양시 동안구,호계동,평촌센텀퍼스트,2023,갈산로,59.7995,33,2026,3,24,113500,11.35
경기 안양시 동안구,호계동,평촌센텀퍼스트,2023,갈산로,59.7995,25,2026,3,22,118500,11.85
경기 안양시 동안구,관양동,평촌더샵센트럴시티,2016,시민대로327번길,59.9861,22,2026,3,18,124000,12.4
경기 안양시 동안구,호계동,평촌센텀퍼스트,2023,갈산로,59.7995,20,2026,3,16,112000,11.2
경기 안양시 동안구,호계동,평촌센텀퍼스트,2023,갈산로,59.8462,9,2026,3,4,115500,11.55
경기 안양시 동안구,관양동,인덕원마을(삼성),1998,안양판교로,59.89,16,2026,4,18,118000,11.8
경기 안양시 동안구,관양동,인덕원마을(삼성),1998,안양판교로,59.8,10,2026,4,24,117500,11.75
경기 안양시 동안구,관양동,인덕원마을(삼성),1998,안양판교로,59.89,7,2026,4,20,122000,12.2
경기 안양시 동안구,관양동,인덕원마을(삼성),1998,안양판교로,59.89,12,2026,4,21,113500,11.35
경기 안양시 동안구,관양동,인덕원마을(삼성),1998,안양판교로,59.89,17,2026,4,20,123500,12.35
경기 안양시 동안구,관양동,평촌더샵센트럴시티,2016,시민대로327번길,59.997,20,2026,4,18,124800,12.48
경기 안양시 동안구,관양동,인덕원마을(삼성),1998,안양판교로,59.89,13,2026,4,17,117500,11.75
경기 안양시 동안구,관양동,인덕원마을(삼성),1998,안양판교로,59.8,22,2026,4,8,116000,11.6
경기 안양시 동안구,관양동,평촌더샵센트럴시티,2016,시민대로327번길,59.997,13,2026,4,9,123000,12.3
경기 안양시 동안구,호계동,평촌센텀퍼스트,2023,갈산로,59.7995,30,2026,4,3,119000,11.9
경기 안양시 동안구,평촌동,향촌마을현대5차,1993,귀인로,59.76,8,2026,4,2,113000,11.3
경기 안양시 동안구,관양동,평촌더샵센트럴시티,2016,시민대로327번길,59.9861,12,2026,4,1,124200,12.42
경기 안양시 동안구,관양동,인덕원마을(삼성),1998,안양판교로,59.89,14,2026,5,13,118000,11.8
경기 안양시 동안구,관양동,평촌더샵센트럴시티,2016,시민대로327번길,59.997,10,2026,5,30,120000,12.0
경기 안양시 동안구,호계동,평촌센텀퍼스트,2023,갈산로,59.997,10,2026,5,29,116300,11.63
경기 안양시 동안구,평촌동,향촌마을현대5차,1993,귀인로,59.76,12,2026,5,28,113500,11.35
경기 안양시 동안구,관양동,인덕원마을(삼성),1998,안양판교로,59.89,20,2026,5,21,122000,12.2
경기 안양시 동안구,관양동,인덕원마을(삼성),1998,안양판교로,59.8,21,2026,5,20,110000,11.0
경기 안양시 동안구,관양동,평촌더샵센트럴시티,2016,시민대로327번길,59.9861,11,2026,5,17,125800,12.58
경기 안양시 동안구,호계동,평촌센텀퍼스트,2023,갈산로,59.8462,18,2026,5,13,114700,11.47
경기 안양시 동안구,관양동,인덕원마을(삼성),1998,안양판교로,59.8,12,2026,5,5,119500,11.95
경기 안양시 동안구,평촌동,향촌롯데,1993,평촌대로180번길,59.76,14,2026,5,1,110500,11.05
경기 안양시 동안구,호계동,평촌센텀퍼스트,2023,갈산로,59.7995,11,2026,6,29,116500,11.65
경기 안양시 동안구,호계동,평촌센텀퍼스트,2023,갈산로,59.7995,16,2026,6,29,120000,12.0
경기 안양시 동안구,호계동,평촌센텀퍼스트,2023,갈산로,59.997,5,2026,6,26,116000,11.6
경기 안양시 동안구,관양동,인덕원마을(삼성),1998,안양판교로,59.8,16,2026,6,27,114000,11.4
경기 안양시 동안구,호계동,평촌센텀퍼스트,2023,갈산로,59.997,22,2026,6,25,117000,11.7
경기 안양시 동안구,관양동,인덕원마을(삼성),1998,안양판교로,59.8,8,2026,6,24,115000,11.5
경기 안양시 동안구,호계동,평촌센텀퍼스트,2023,갈산로,59.7995,22,2026,6,24,119500,11.95
경기 안양시 동안구,관양동,인덕원마을(삼성),1998,안양판교로,59.89,6,2026,6,23,110700,11.07
경기 안양시 동안구,호계동,평촌센텀퍼스트,2023,갈산로,59.7995,9,2026,6,20,120000,12.0
경기 안양시 동안구,관양동,평촌더샵센트럴시티,2016,시민대로327번길,59.997,23,2026,6,16,123000,12.3
경기 안양시 동안구,호계동,평촌센텀퍼스트,2023,갈산로,59.997,15,2026,6,14,118000,11.8
경기 안양시 동안구,호계동,평촌센텀퍼스트,2023,갈산로,59.997,27,2026,6,12,117500,11.75
경기 안양시 동안구,평촌동,향촌마을현대5차,1993,귀인로,59.76,6,2026,6,12,110300,11.03
경기 안양시 동안구,관양동,평촌더샵센트럴시티,2016,시민대로327번길,59.997,16,2026,6,6,125000,12.5
경기 안양시 동안구,관양동,인덕원마을(삼성),1998,안양판교로,59.8,7,2026,6,2,120000,12.0
경기 안양시 동안구,호계동,평촌센텀퍼스트,2023,갈산로,59.7995,24,2026,6,2,115000,11.5
경기 안양시 동안구,호계동,평촌센텀퍼스트,2023,갈산로,59.997,12,2026,7,22,119800,11.98
경기 안양시 동안구,평촌동,인덕원대우,2001,학의로,60.0,14,2026,7,26,110000,11.0
경기 안양시 동안구,평촌동,인덕원대우,2001,학의로,60.0,17,2026,7,22,111700,11.17
경기 안양시 동안구,비산동,평촌래미안푸르지오,2022,경수대로884번길,59.96,19,2026,7,20,110000,11.0
경기 안양시 동안구,호계동,평촌센텀퍼스트,2023,갈산로,59.997,17,2026,7,16,120000,12.0
경기 안양시 동안구,호계동,평촌센텀퍼스트,2023,갈산로,59.997,13,2026,7,11,120000,12.0
경기 안양시 동안구,평촌동,인덕원대우,2001,학의로,59.92,12,2026,7,10,112500,11.25
경기 안양시 동안구,관양동,평촌더샵센트럴시티,2016,시민대로327번길,59.9861,21,2026,7,11,126800,12.68
경기 안양시 동안구,호계동,평촌트리지아,2024,귀인로98번길,59.99,27,2026,7,9,115000,11.5
경기 안양시 동안구,평촌동,향촌마을현대4차,1992,귀인로,59.94,10,2026,7,6,112200,11.22
경기 안양시 동안구,호계동,평촌트리지아,2024,귀인로98번길,59.98,11,2026,7,7,112000,11.2
경기 안양시 동안구,평촌동,향촌마을현대5차,1993,귀인로,59.76,6,2026,7,6,111000,11.1
경기 안양시 동안구,관양동,인덕원마을(삼성),1998,안양판교로,59.8,19,2026,7,4,119500,11.95
경기 안양시 동안구,관양동,인덕원마을(삼성),1998,안양판교로,59.8,8,2026,7,3,111000,11.1
경기 하남시,선동,미사강변 센트리버,2016,미사강변대로,59.91,7,2026,2,26,116000,11.6
경기 하남시,망월동,미사강변스타힐스아파트,2016,미사강변대로,59.79,15,2026,3,13,116500,11.65
경기 하남시,망월동,미사강변루나리움,2015,아리수로,59.84,6,2026,3,27,113000,11.3
경기 하남시,망월동,미사강변 골든 센트로,2014,미사강변동로,59.8,8,2026,3,31,115500,11.55
경기 하남시,선동,미사강변 센트리버,2016,미사강변대로,59.8,6,2026,3,27,112000,11.2
경기 하남시,망월동,미사강변 골든 센트로,2014,미사강변동로,59.96,14,2026,3,14,116000,11.6
경기 하남시,선동,미사강변 센트리버,2016,미사강변대로,59.91,11,2026,3,11,111000,11.1
경기 하남시,망월동,미사강변 골든 센트로,2014,미사강변동로,59.96,9,2026,3,1,110000,11.0
경기 하남시,선동,미사강변 센트리버,2016,미사강변대로,59.91,19,2026,4,17,114000,11.4
경기 하남시,덕풍동,더샵하남에디피스,2024,하남대로,59.98,7,2026,4,22,113000,11.3
경기 하남시,망월동,미사강변스타힐스아파트,2016,미사강변대로,59.79,4,2026,4,24,113800,11.38
경기 하남시,망월동,미사강변 골든 센트로,2014,미사강변동로,59.96,16,2026,4,23,110000,11.0
경기 하남시,망월동,미사강변 골든 센트로,2014,미사강변동로,59.96,9,2026,4,18,111000,11.1
경기 하남시,망월동,미사강변루나리움,2015,아리수로,59.88,21,2026,4,18,114000,11.4
경기 하남시,선동,미사강변 센트리버,2016,미사강변대로,59.91,13,2026,4,15,111000,11.1
경기 하남시,덕풍동,더샵하남에디피스,2024,하남대로,59.882,11,2026,4,10,110000,11.0
경기 하남시,감이동,감일센트레빌,2020,감일백제로,59.92,9,2026,4,6,110000,11.0
경기 하남시,선동,미사강변 센트리버,2016,미사강변대로,59.8,7,2026,4,4,114500,11.45
경기 하남시,망월동,미사강변 골든 센트로,2014,미사강변동로,59.96,20,2026,4,1,119000,11.9
경기 하남시,망월동,미사강변스타힐스아파트,2016,미사강변대로,59.79,11,2026,5,23,117600,11.76
경기 하남시,망월동,미사강변 골든 센트로,2014,미사강변동로,59.59,20,2026,5,30,117000,11.7
경기 하남시,망월동,미사강변 골든 센트로,2014,미사강변동로,59.96,19,2026,5,28,110000,11.0
경기 하남시,망월동,미사강변 골든 센트로,2014,미사강변동로,59.96,3,2026,5,26,115000,11.5
경기 하남시,감이동,감일센트레빌,2020,감일백제로,59.92,22,2026,5,22,117000,11.7
경기 하남시,덕풍동,더샵하남에디피스,2024,하남대로,59.882,11,2026,5,16,119000,11.9
경기 하남시,망월동,미사강변 골든 센트로,2014,미사강변동로,59.8,14,2026,5,16,119000,11.9
경기 하남시,덕풍동,더샵하남에디피스,2024,하남대로,59.98,1,2026,5,14,110250,11.03
경기 하남시,덕풍동,더샵하남에디피스,2024,하남대로,59.882,22,2026,5,12,111500,11.15
경기 하남시,망월동,미사강변 골든 센트로,2014,미사강변동로,59.96,20,2026,5,10,116000,11.6
경기 하남시,덕풍동,더샵하남에디피스,2024,하남대로,59.98,7,2026,5,9,112000,11.2
경기 하남시,감이동,감일센트레빌,2020,감일백제로,59.89,12,2026,5,9,117000,11.7
경기 하남시,망월동,미사강변루나리움,2015,아리수로,59.84,22,2026,5,5,113500,11.35
경기 하남시,망월동,미사강변스타힐스아파트,2016,미사강변대로,59.8,8,2026,5,2,114700,11.47
경기 하남시,감이동,감일센트레빌,2020,감일백제로,59.92,8,2026,6,26,116000,11.6
경기 하남시,망월동,미사강변효성해링턴플레이스엔에이치에프,2017,미사강변한강로,59.83,20,2026,6,27,110000,11.0
경기 하남시,덕풍동,더샵하남에디피스,2024,하남대로,59.882,21,2026,6,27,117500,11.75
경기 하남시,덕풍동,더샵하남에디피스,2024,하남대로,59.98,14,2026,6,24,116800,11.68
경기 하남시,덕풍동,더샵하남에디피스,2024,하남대로,59.98,11,2026,6,24,118000,11.8
경기 하남시,덕풍동,더샵하남에디피스,2024,하남대로,59.98,5,2026,6,24,117000,11.7
경기 하남시,망월동,미사강변파밀리에,2014,아리수로,59.91,14,2026,6,21,112000,11.2
경기 하남시,망월동,미사강변파밀리에,2014,아리수로,59.96,6,2026,6,18,110000,11.0
경기 하남시,감이동,감일센트레빌,2020,감일백제로,59.92,17,2026,6,16,118500,11.85
경기 하남시,망월동,미사강변 골든 센트로,2014,미사강변동로,59.96,11,2026,6,15,119000,11.9
경기 하남시,덕풍동,더샵하남에디피스,2024,하남대로,59.98,13,2026,6,9,115000,11.5
경기 하남시,덕풍동,더샵하남에디피스,2024,하남대로,59.98,4,2026,6,8,115200,11.52
경기 하남시,덕풍동,더샵하남에디피스,2024,하남대로,59.98,8,2026,6,5,111800,11.18
경기 하남시,덕풍동,더샵하남에디피스,2024,하남대로,59.98,13,2026,6,5,115000,11.5
경기 하남시,감이동,감일센트레빌,2020,감일백제로,59.89,2,2026,7,16,117000,11.7
경기 하남시,풍산동,미사강변동일하이빌,2018,미사강변서로,59.93,12,2026,7,30,112000,11.2
경기 하남시,망월동,미사강변 골든 센트로,2014,미사강변동로,59.96,16,2026,7,25,119000,11.9
경기 하남시,망월동,미사강변효성해링턴플레이스엔에이치에프,2017,미사강변한강로,59.83,8,2026,7,22,113000,11.3
경기 하남시,선동,미사강변 센트리버,2016,미사강변대로,59.91,6,2026,7,2,113900,11.39
경기 하남시,망월동,미사강변 골든 센트로,2014,미사강변동로,59.96,12,2026,7,14,117500,11.75
경기 하남시,망월동,미사강변스타힐스아파트,2016,미사강변대로,59.79,12,2026,7,14,122500,12.25
경기 하남시,망월동,미사강변 골든 센트로,2014,미사강변동로,59.96,9,2026,7,13,118000,11.8
경기 하남시,망월동,미사강변 골든 센트로,2014,미사강변동로,59.8,18,2026,7,4,119000,11.9
경기 하남시,선동,미사강변리슈빌엔에이치에프,2018,미사강변북로,59.96,23,2026,7,11,110000,11.0
경기 하남시,신장동,하남호반써밋에듀파크,2021,하남유니온로,59.8536,12,2026,7,10,111500,11.15
경기 하남시,망월동,미사강변파밀리에,2014,아리수로,59.91,23,2026,7,6,112000,11.2
경기 하남시,감이동,감일센트레빌,2020,감일백제로,59.89,10,2026,7,8,118000,11.8
경기 하남시,망월동,미사강변 골든 센트로,2014,미사강변동로,59.96,22,2026,7,4,119000,11.9
경기 하남시,신장동,하남호반써밋에듀파크,2021,하남유니온로,59.8536,22,2026,7,4,111000,11.1
경기 하남시,풍산동,미사강변동일하이빌,2018,미사강변서로,59.93,18,2026,7,1,112000,11.2
경기 하남시,풍산동,미사강변동일하이빌,2018,미사강변서로,59.93,16,2026,8,5,113500,11.35
경기 용인시 기흥구,마북동,e편한세상구성역플랫폼시티,2024,구성로,59.809,4,2026,3,30,111200,11.12
경기 용인시 기흥구,마북동,e편한세상구성역플랫폼시티,2024,구성로,59.809,5,2026,4,26,115500,11.55
경기 용인시 기흥구,마북동,e편한세상구성역플랫폼시티,2024,구성로,59.809,13,2026,5,1,121500,12.15
경기 용인시 기흥구,마북동,e편한세상구성역플랫폼시티,2024,구성로,59.809,2,2026,6,26,114000,11.4
경기 용인시 수지구,상현동,광교자이더클래스,2012,광교마을로,59.902,23,2026,1,27,129000,12.9
경기 용인시 수지구,풍덕천동,신정7단지(상록)공무원,2000,풍덕천로,59.405,7,2026,1,24,111000,11.1
경기 용인시 수지구,상현동,광교자이더클래스,2012,광교마을로,59.902,7,2026,1,23,127000,12.7
경기 용인시 수지구,상현동,광교자이더클래스,2012,광교마을로,59.93,21,2026,1,22,124500,12.45
경기 용인시 수지구,풍덕천동,신정마을주공1,2000,풍덕천로,59.39,10,2026,2,21,120000,12.0
경기 용인시 수지구,풍덕천동,신정마을주공1,2000,풍덕천로,59.39,3,2026,2,27,120000,12.0
경기 용인시 수지구,풍덕천동,한성,1995,문정로,59.54,8,2026,2,26,110000,11.0
경기 용인시 수지구,풍덕천동,신정마을주공1,2000,풍덕천로,59.39,17,2026,2,23,115000,11.5
경기 용인시 수지구,풍덕천동,신정마을주공1,2000,풍덕천로,59.39,9,2026,2,21,118000,11.8
경기 용인시 수지구,풍덕천동,신정마을주공1,2000,풍덕천로,59.39,11,2026,2,13,112000,11.2
경기 용인시 수지구,상현동,광교자이더클래스,2012,광교마을로,59.902,1,2026,2,11,115000,11.5
경기 용인시 수지구,풍덕천동,신정마을주공1,2000,풍덕천로,59.34,16,2026,2,7,110000,11.0
경기 용인시 수지구,풍덕천동,용인수지신정마을9단지,2000,풍덕천로,59.39,7,2026,3,17,113000,11.3
경기 용인시 수지구,풍덕천동,신정마을주공1,2000,풍덕천로,59.39,12,2026,3,31,112000,11.2
경기 용인시 수지구,풍덕천동,현대성우8차,1999,풍덕천로,59.99,5,2026,3,28,111000,11.1
경기 용인시 수지구,풍덕천동,신정7단지(상록)공무원,2000,풍덕천로,59.405,14,2026,3,28,110000,11.0
경기 용인시 수지구,풍덕천동,신정마을주공1,2000,풍덕천로,59.39,3,2026,3,28,111000,11.1
경기 용인시 수지구,풍덕천동,신정마을주공1,2000,풍덕천로,59.39,17,2026,3,25,117000,11.7
경기 용인시 수지구,상현동,광교자이더클래스,2012,광교마을로,59.902,1,2026,3,20,117000,11.7
경기 용인시 수지구,풍덕천동,수지파크푸르지오,2019,풍덕천로171번길,59.8875,11,2026,3,24,116500,11.65
경기 용인시 수지구,풍덕천동,현대성우8차,1999,풍덕천로,59.99,19,2026,3,18,111500,11.15
경기 용인시 수지구,풍덕천동,신정마을주공1,2000,풍덕천로,59.39,8,2026,3,18,115000,11.5
경기 용인시 수지구,풍덕천동,현대성우8차,1999,풍덕천로,59.99,7,2026,3,17,112000,11.2
경기 용인시 수지구,풍덕천동,신정마을주공1,2000,풍덕천로,59.39,11,2026,3,13,113000,11.3
경기 용인시 수지구,풍덕천동,신정마을주공1,2000,풍덕천로,59.39,13,2026,3,11,118500,11.85
경기 용인시 수지구,상현동,광교자이더클래스,2012,광교마을로,59.902,19,2026,3,7,129000,12.9
경기 용인시 수지구,상현동,광교자이더클래스,2012,광교마을로,59.93,13,2026,3,3,129000,12.9
경기 용인시 수지구,풍덕천동,신정마을주공1,2000,풍덕천로,59.39,9,2026,4,25,118800,11.88
경기 용인시 수지구,풍덕천동,용인수지신정마을9단지,2000,풍덕천로,59.34,12,2026,4,25,113500,11.35
경기 용인시 수지구,풍덕천동,신정마을주공1,2000,풍덕천로,59.39,14,2026,4,25,124000,12.4
경기 용인시 수지구,풍덕천동,현대성우8차,1999,풍덕천로,59.99,7,2026,4,23,111000,11.1
경기 용인시 수지구,풍덕천동,신정마을주공1,2000,풍덕천로,59.39,15,2026,4,22,124500,12.45
경기 용인시 수지구,풍덕천동,신정7단지(상록)공무원,2000,풍덕천로,59.405,16,2026,4,21,110900,11.09
경기 용인시 수지구,풍덕천동,용인수지신정마을9단지,2000,풍덕천로,59.39,7,2026,4,18,116000,11.6
경기 용인시 수지구,풍덕천동,신정7단지(상록)공무원,2000,풍덕천로,59.405,19,2026,4,18,116000,11.6
경기 용인시 수지구,풍덕천동,신정마을주공1,2000,풍덕천로,59.39,2,2026,4,17,111500,11.15
경기 용인시 수지구,풍덕천동,신정마을주공1,2000,풍덕천로,59.39,9,2026,4,15,113000,11.3
경기 용인시 수지구,풍덕천동,신정7단지(상록)공무원,2000,풍덕천로,59.405,11,2026,4,11,114000,11.4
경기 용인시 수지구,풍덕천동,현대성우8차,1999,풍덕천로,59.99,17,2026,4,10,110000,11.0
경기 용인시 수지구,풍덕천동,신정7단지(상록)공무원,2000,풍덕천로,59.405,13,2026,4,8,111800,11.18
경기 용인시 수지구,풍덕천동,신정7단지(상록)공무원,2000,풍덕천로,59.405,8,2026,4,7,114000,11.4
경기 용인시 수지구,풍덕천동,현대성우8차,1999,풍덕천로,59.99,12,2026,4,4,112500,11.25
경기 용인시 수지구,풍덕천동,신정마을주공1,2000,풍덕천로,59.34,17,2026,4,2,110000,11.0
경기 용인시 수지구,풍덕천동,현대성우8차,1999,풍덕천로,59.99,6,2026,4,1,110000,11.0
경기 용인시 수지구,풍덕천동,수지파크푸르지오,2019,풍덕천로171번길,59.7939,9,2026,5,9,115000,11.5
경기 용인시 수지구,풍덕천동,신정마을주공1,2000,풍덕천로,59.39,12,2026,5,30,116000,11.6
경기 용인시 수지구,풍덕천동,한성,1995,문정로,59.54,9,2026,5,29,117000,11.7
경기 용인시 수지구,풍덕천동,신정마을주공1,2000,풍덕천로,59.39,2,2026,5,23,111000,11.1
경기 용인시 수지구,상현동,광교자이더클래스,2012,광교마을로,59.902,23,2026,5,26,130000,13.0
경기 용인시 수지구,풍덕천동,수지파크푸르지오,2019,풍덕천로171번길,59.7939,4,2026,5,25,119000,11.9
경기 용인시 수지구,풍덕천동,신정마을주공1,2000,풍덕천로,59.34,18,2026,5,23,120500,12.05
경기 용인시 수지구,풍덕천동,수지파크푸르지오,2019,풍덕천로171번길,59.7939,10,2026,5,22,113000,11.3
경기 용인시 수지구,상현동,광교자이더클래스,2012,광교마을로,59.902,3,2026,5,7,125000,12.5
경기 용인시 수지구,상현동,광교자이더클래스,2012,광교마을로,59.902,15,2026,5,20,133500,13.35
경기 용인시 수지구,풍덕천동,신정마을주공1,2000,풍덕천로,59.39,6,2026,5,20,125000,12.5
경기 용인시 수지구,풍덕천동,신정마을주공1,2000,풍덕천로,59.39,7,2026,5,16,122700,12.27
경기 용인시 수지구,풍덕천동,용인수지신정마을9단지,2000,풍덕천로,59.39,18,2026,5,16,121500,12.15
경기 용인시 수지구,풍덕천동,신정마을주공1,2000,풍덕천로,59.39,15,2026,5,16,120000,12.0
경기 용인시 수지구,풍덕천동,현대성우8차,1999,풍덕천로,59.99,14,2026,5,13,115700,11.57
경기 용인시 수지구,풍덕천동,현대성우8차,1999,풍덕천로,59.99,19,2026,5,1,111900,11.19
경기 용인시 수지구,풍덕천동,신정마을주공1,2000,풍덕천로,59.39,17,2026,5,12,120000,12.0
경기 용인시 수지구,풍덕천동,신정7단지(상록)공무원,2000,풍덕천로,59.405,5,2026,5,12,111000,11.1
경기 용인시 수지구,풍덕천동,현대성우8차,1999,풍덕천로,59.99,8,2026,5,12,112300,11.23
경기 용인시 수지구,풍덕천동,용인수지신정마을9단지,2000,풍덕천로,59.39,15,2026,5,9,118000,11.8
경기 용인시 수지구,풍덕천동,한성,1995,문정로,59.54,11,2026,5,8,114500,11.45
경기 용인시 수지구,풍덕천동,용인수지신정마을9단지,2000,풍덕천로,59.34,10,2026,6,27,121000,12.1
경기 용인시 수지구,풍덕천동,수지파크푸르지오,2019,풍덕천로171번길,59.6524,13,2026,6,27,125000,12.5
경기 용인시 수지구,풍덕천동,용인수지신정마을9단지,2000,풍덕천로,59.34,6,2026,6,27,117500,11.75
경기 용인시 수지구,풍덕천동,용인수지신정마을9단지,2000,풍덕천로,59.34,9,2026,6,26,115500,11.55
경기 용인시 수지구,풍덕천동,현대성우8차,1999,풍덕천로,59.99,5,2026,6,24,116000,11.6
경기 용인시 수지구,풍덕천동,신정마을주공1,2000,풍덕천로,59.39,15,2026,6,24,119000,11.9
경기 용인시 수지구,풍덕천동,신정7단지(상록)공무원,2000,풍덕천로,59.405,12,2026,6,23,117000,11.7
경기 용인시 수지구,상현동,광교자이더클래스,2012,광교마을로,59.902,18,2026,6,18,137500,13.75
경기 용인시 수지구,풍덕천동,현대성우8차,1999,풍덕천로,59.99,13,2026,6,23,114500,11.45
경기 용인시 수지구,풍덕천동,용인수지신정마을9단지,2000,풍덕천로,59.34,17,2026,6,23,121000,12.1
경기 용인시 수지구,풍덕천동,용인수지신정마을9단지,2000,풍덕천로,59.39,2,2026,6,20,112000,11.2
경기 용인시 수지구,풍덕천동,신정마을주공1,2000,풍덕천로,59.39,6,2026,6,19,121000,12.1
경기 용인시 수지구,풍덕천동,신정마을주공1,2000,풍덕천로,59.34,12,2026,6,16,118000,11.8
경기 용인시 수지구,풍덕천동,신정7단지(상록)공무원,2000,풍덕천로,59.405,7,2026,6,15,114000,11.4
경기 용인시 수지구,풍덕천동,수지파크푸르지오,2019,풍덕천로171번길,59.7939,13,2026,6,13,122000,12.2
경기 용인시 수지구,상현동,광교자이더클래스,2012,광교마을로,59.902,5,2026,6,13,137800,13.78
경기 용인시 수지구,풍덕천동,수지파크푸르지오,2019,풍덕천로171번길,59.7939,19,2026,6,13,123500,12.35
경기 용인시 수지구,풍덕천동,신정마을주공1,2000,풍덕천로,59.39,9,2026,6,10,122800,12.28
경기 용인시 수지구,상현동,광교자이더클래스,2012,광교마을로,59.902,26,2026,6,7,134500,13.45
경기 용인시 수지구,풍덕천동,현대성우8차,1999,풍덕천로,59.99,15,2026,6,6,110000,11.0
경기 용인시 수지구,풍덕천동,현대성우8차,1999,풍덕천로,59.99,19,2026,6,5,114500,11.45
경기 용인시 수지구,상현동,광교자이더클래스,2012,광교마을로,59.902,15,2026,7,30,149900,14.99
경기 용인시 수지구,풍덕천동,현대성우8차,1999,풍덕천로,59.99,20,2026,7,25,111000,11.1
경기 용인시 수지구,상현동,광교자이더클래스,2012,광교마을로,59.902,5,2026,7,23,146000,14.6
경기 용인시 수지구,풍덕천동,현대성우8차,1999,풍덕천로,59.99,10,2026,7,21,114000,11.4
경기 용인시 수지구,풍덕천동,수지파크푸르지오,2019,풍덕천로171번길,59.7939,5,2026,7,15,119000,11.9
경기 용인시 수지구,동천동,동천센트럴자이,2019,고기로45번길,59.9772,36,2026,7,19,119500,11.95
경기 용인시 수지구,풍덕천동,신정마을주공1,2000,풍덕천로,59.39,1,2026,7,16,120000,12.0
경기 용인시 수지구,동천동,동천센트럴자이,2019,고기로45번길,59.9772,15,2026,7,15,115000,11.5
경기 용인시 수지구,상현동,광교자이더클래스,2012,광교마을로,59.902,7,2026,7,11,133000,13.3
경기 용인시 수지구,상현동,광교자이더클래스,2012,광교마을로,59.902,18,2026,7,13,141800,14.18
경기 용인시 수지구,상현동,광교자이더클래스,2012,광교마을로,59.902,13,2026,7,13,143000,14.3
경기 용인시 수지구,풍덕천동,현대성우8차,1999,풍덕천로,59.99,6,2026,7,11,114000,11.4
경기 용인시 수지구,동천동,동천센트럴자이,2019,고기로45번길,59.9772,3,2026,7,10,112000,11.2
경기 용인시 수지구,풍덕천동,신정마을주공1,2000,풍덕천로,59.39,18,2026,7,9,124800,12.48
경기 용인시 수지구,풍덕천동,현대성우8차,1999,풍덕천로,59.99,6,2026,7,9,118000,11.8
경기 용인시 수지구,풍덕천동,신정마을주공1,2000,풍덕천로,59.39,18,2026,7,8,127000,12.7
경기 용인시 수지구,풍덕천동,신정마을주공1,2000,풍덕천로,59.39,2,2026,7,7,116000,11.6
경기 용인시 수지구,풍덕천동,현대성우8차,1999,풍덕천로,59.99,15,2026,7,4,116000,11.6
경기 용인시 수지구,풍덕천동,현대성우8차,1999,풍덕천로,59.99,8,2026,7,4,113000,11.3
경기 용인시 수지구,풍덕천동,현대성우8차,1999,풍덕천로,59.99,17,2026,7,2,114800,11.48
경기 용인시 수지구,풍덕천동,용인수지신정마을9단지,2000,풍덕천로,59.34,10,2026,7,1,122000,12.2
서울 영등포구,신길동,더샵파크프레스티지,2022,가마산로79길,59.8635,1,2026,7,25,148000,14.8
서울 영등포구,영등포동8가,삼환,1999,영중로,59.91,13,2026,7,10,146700,14.67
서울 동작구,흑석동,청호,1997,서달로2길,59.85,1,2026,7,23,115000,11.5
서울 종로구,무악동,현대,2000,통일로,60,6,2026,1,26,112900,11.29
서울 종로구,무악동,현대,2000,통일로,60,9,2026,2,7,116990,11.7
서울 종로구,무악동,현대,2000,통일로,60,14,2026,6,27,117980,11.8
서울 종로구,숭인동,종로센트레빌,2008,동망산길,59.92,3,2026,7,25,116000,11.6
서울 용산구,한남동,시범,1970,독서당로34길,59.5,3,2026,5,15,113000,11.3
서울 성동구,성수동1가,우방,1997,상원길,60,11,2026,5,21,137000,13.7
서울 성동구,마장동,마장동중앙하이츠,1999,마장로,60,8,2026,5,16,122500,12.25
서울 성동구,마장동,마장동중앙하이츠,1999,마장로,60,6,2026,6,11,119000,11.9
서울 성동구,금호동4가,서울숲르씨엘,2023,독서당로46길,59.5075,3,2026,7,21,148500,14.85
서울 성동구,행당동,신동아,1995,독서당로,59.94,5,2026,7,22,146500,14.65
서울 성동구,마장동,현대,1998,살곶이길,59.94,17,2026,7,14,134000,13.4
서울 성동구,하왕십리동,극동미라주,2001,난계로,59.4,9,2026,7,10,137500,13.75
서울 성동구,행당동,신동아,1995,독서당로,59.97,10,2026,8,8,147000,14.7
서울 성동구,행당동,대림e-편한세상,2000,행당로,59.96,3,2026,8,5,150000,15.0
서울 동대문구,장안동,래미안장안,2003,장한로14길,59.86,9,2026,7,10,119000,11.9
서울 동대문구,답십리동,답십리파크자이,2019,답십리로56길,59.91,4,2026,7,29,147500,14.75
서울 동대문구,답십리동,답십리대우,2002,답십리로41길,59.76,16,2026,7,19,121000,12.1
서울 동대문구,장안동,장안힐스테이트,2007,장안벚꽃로1길,59.885,8,2026,8,15,120000,12.0
서울 노원구,월계동,한진한화그랑빌,2002,마들로,59.94,21,2026,7,28,115000,11.5
서울 노원구,월계동,삼호3,1986,마들로,59.22,10,2026,8,1,120000,12.0
서울 은평구,응암동,녹번역e편한세상캐슬,2021,은평로,59.97,22,2026,7,25,142000,14.2
서울 은평구,수색동,DMC파인시티자이,2025,은평터널로,59.98,2,2026,8,14,129000,12.9
서울 은평구,녹번동,힐스테이트녹번,2019,통일로,59.938,8,2026,8,15,126000,12.6
서울 은평구,응암동,녹번역e편한세상캐슬,2021,은평로,59.96,2,2026,8,15,131000,13.1
서울 은평구,수색동,DMC롯데캐슬더퍼스트,2021,수색로,59.96,4,2026,8,11,123000,12.3
서울 은평구,수색동,DMC파인시티자이,2025,은평터널로,59.98,2,2026,8,3,126000,12.6
서울 은평구,수색동,DMC파인시티자이,2025,은평터널로,59.98,3,2026,8,1,127000,12.7
서울 서대문구,남가좌동,DMC센트레빌,2009,거북골로,59.95,7,2026,7,27,121000,12.1
서울 서대문구,대현동,신촌럭키,1999,이화여대길,59.7,5,2026,7,23,130000,13.0
서울 서대문구,홍제동,홍제역해링턴플레이스,2024,474,59.99,3,2026,7,30,131000,13.1
서울 서대문구,현저동,독립문극동(200-0),1998,독립문공원길,59.58,3,2026,7,25,136000,13.6
서울 서대문구,홍은동,e편한세상서대문,2023,통일로,59.991,12,2026,8,5,127000,12.7
서울 서대문구,홍은동,e편한세상서대문,2023,통일로,59.991,3,2026,8,3,119000,11.9
서울 마포구,도화동,한화오벨리스크,2004,마포대로,59,34,2026,6,21,110000,11.0
서울 마포구,신수동,신수동성원,1998,독막로28길,59.76,7,2026,7,29,129200,12.92
서울 마포구,중동,울트라월드컵(참누리),2006,월드컵북로38길,59.9882,18,2026,7,22,122500,12.25
서울 마포구,염리동,상록,1997,숭문길,58.71,13,2026,7,20,130000,13.0
서울 마포구,연남동,코오롱,2003,연남로,59.76,2,2026,8,5,110000,11.0
서울 마포구,염리동,상록,1997,숭문길,58.71,4,2026,8,1,130000,13.0
서울 양천구,신월동,목동센트럴아이파크위브4단지,2020,남부순환로83길,59.68,13,2026,8,3,130000,13.0
서울 강서구,염창동,성원,2001,양천로69길,59.91,18,2026,7,13,111000,11.1
서울 강서구,내발산동,마곡수명산파크5단지,2008,수명로2길,59.76,3,2026,7,27,116000,11.6
서울 강서구,내발산동,마곡수명산파크4단지,2008,수명로1길,59.84,9,2026,7,31,113800,11.38
서울 강서구,내발산동,우장산힐스테이트,2005,강서로,59.98,8,2026,7,30,150000,15.0
서울 강서구,염창동,동아3,1999,양천로,59.7,6,2026,7,30,119000,11.9
서울 강서구,등촌동,주공10,1995,화곡로63가길,58.14,4,2026,7,29,113800,11.38
서울 강서구,가양동,가양6단지,1992,허준로,58.65,5,2026,7,29,127000,12.7
서울 강서구,내발산동,마곡수명산파크4단지,2008,수명로1길,59.84,6,2026,7,26,114000,11.4
서울 강서구,염창동,동아,1998,양천로69길,59.97,15,2026,7,22,112000,11.2
서울 강서구,화곡동,"우장산아이파크,이편한세상",2008,강서로,59.98,17,2026,7,22,142500,14.25
서울 강서구,등촌동,주공5,1995,공항대로39길,58.14,12,2026,7,18,110000,11.0
서울 강서구,내발산동,마곡수명산파크4단지,2008,수명로1길,59.84,9,2026,7,15,113000,11.3
서울 강서구,등촌동,주공5,1995,공항대로39길,58.14,13,2026,7,17,110000,11.0
서울 강서구,화곡동,강서힐스테이트,2015,우현로,59.99,6,2026,7,16,138000,13.8
서울 강서구,염창동,무학,1999,양천로77길,59.38,12,2026,7,12,122500,12.25
서울 강서구,등촌동,주공3,1995,강서로56나길,58.14,10,2026,8,14,120000,12.0
서울 강서구,화곡동,"우장산아이파크,이편한세상",2008,강서로,59.98,8,2026,8,13,141500,14.15
서울 강서구,등촌동,"등촌지와인아파트,비지니스센터",2023,양천로,59.6202,10,2026,8,10,110000,11.0
서울 강서구,염창동,동아,1998,양천로69길,59.97,7,2026,8,8,114000,11.4
서울 강서구,화곡동,"우장산아이파크,이편한세상",2008,강서로,59.98,20,2026,8,8,142000,14.2
서울 강서구,화곡동,"우장산아이파크,이편한세상",2008,강서로,59.98,20,2026,8,8,143000,14.3
서울 강서구,가양동,가양강나루현대,1999,양천로,59.76,6,2026,8,8,122500,12.25
서울 강서구,화곡동,"우장산아이파크,이편한세상",2008,강서로,59.98,16,2026,8,7,145500,14.55
서울 강서구,내발산동,마곡수명산파크4단지,2008,수명로1길,59.84,5,2026,8,1,114800,11.48
서울 구로구,신도림동,동아3,2000,신도림로,60,4,2026,1,21,137000,13.7
서울 구로구,신도림동,동아3,2000,신도림로,60,18,2026,2,23,140000,14.0
서울 구로구,신도림동,동아3,2000,신도림로,60,6,2026,3,28,145000,14.5
서울 구로구,신도림동,동아3,2000,신도림로,60,2,2026,4,8,139000,13.9
서울 구로구,신도림동,동아3,2000,신도림로,60,7,2026,4,4,144000,14.4
서울 구로구,신도림동,동아3,2000,신도림로,60,15,2026,5,24,144500,14.45
서울 구로구,신도림동,동아3,2000,신도림로,60,9,2026,5,7,132000,13.2
서울 구로구,신도림동,동아3,2000,신도림로,60,10,2026,6,17,145000,14.5
서울 구로구,구로동,신도림태영타운,2000,새말로,59.88,22,2026,7,21,132000,13.2
서울 구로구,신도림동,동아3,2000,신도림로,60,3,2026,7,8,140300,14.03
서울 구로구,신도림동,디큐브시티,2011,경인로,59.95,8,2026,8,8,118000,11.8
서울 구로구,신도림동,대림2,2001,신도림로,59.88,15,2026,8,6,134800,13.48
서울 금천구,독산동,금천롯데캐슬골드파크3차,2018,시흥대로,59.9672,27,2026,8,8,110000,11.0
서울 영등포구,양평동2가,삼성래미안,1998,영등포로3길,59.4,21,2026,5,6,114700,11.47
서울 영등포구,당산동4가,현대2,1986,국회대로29길,59,10,2026,6,5,114000,11.4
서울 영등포구,당산동4가,현대2,1986,국회대로29길,59,6,2026,6,5,118500,11.85
서울 영등포구,신길동,삼성,1984,여의대방로,60.48,12,2026,7,31,114000,11.4
서울 영등포구,양평동2가,양평벽산블루밍,1990,선유서로21길,59.58,6,2026,7,29,112000,11.2
서울 영등포구,문래동3가,문래공원한신,1988,문래로20길,58.96,7,2026,7,24,131500,13.15
서울 영등포구,대림동,e편한세상영등포아델포레,2020,신길로,59.968,7,2026,7,22,146000,14.6
서울 영등포구,양평동3가,양평현대6차,2000,선유로,59.98,20,2026,7,20,142000,14.2
서울 영등포구,양평동5가,양평한신,1996,양평로24길,59.94,15,2026,7,18,140000,14.0
서울 영등포구,양평동5가,양평한신,1996,양평로24길,59.94,17,2026,7,11,143500,14.35
서울 영등포구,신길동,삼성,1984,여의대방로,60.48,7,2026,7,13,117000,11.7
서울 영등포구,문래동3가,문래공원한신,1988,문래로20길,58.96,2,2026,7,11,130500,13.05
서울 영등포구,문래동6가,e편한세상 문래 에듀플라츠,2020,선유서로,59.9854,8,2026,8,11,130000,13.0
서울 영등포구,문래동2가,남성,1983,경인로77길,58.52,5,2026,8,11,118000,11.8
서울 영등포구,문래동3가,문래공원한신,1988,문래로20길,58.96,6,2026,8,6,130800,13.08
서울 영등포구,신길동,삼환,1997,여의대방로43나길,59.53,12,2026,8,5,133000,13.3
서울 동작구,사당동,사당자이,1999,사당로2가길,60,18,2026,2,28,121500,12.15
서울 동작구,사당동,사당자이,1999,사당로2가길,60,7,2026,2,28,119000,11.9
서울 동작구,사당동,사당자이,1999,사당로2가길,60,16,2026,2,27,122000,12.2
서울 동작구,사당동,사당자이,1999,사당로2가길,60,1,2026,5,30,118000,11.8
서울 동작구,사당동,사당자이,1999,사당로2가길,60,8,2026,5,6,121000,12.1
서울 동작구,사당동,사당자이,1999,사당로2가길,60,16,2026,6,20,122300,12.23
서울 동작구,사당동,사당자이,1999,사당로2가길,60,13,2026,6,19,120000,12.0
서울 동작구,노량진동,신동아리버파크,2001,만양로,59.67,22,2026,7,28,149500,14.95
서울 동작구,대방동,주공2,1995,여의대방로44길,58.65,12,2026,7,22,139000,13.9
서울 동작구,흑석동,흑석동양아파트,2003,서달로1길,59.511,2,2026,7,24,134000,13.4
서울 동작구,본동,신동아,1993,매봉로,59.89,2,2026,7,22,133500,13.35
서울 동작구,사당동,경남아너스빌1차,1997,사당로9가길,59.9,9,2026,8,1,114000,11.4
서울 관악구,봉천동,관악드림(동아),2003,성현로,60,8,2026,3,7,112000,11.2
서울 관악구,봉천동,관악드림(동아),2003,성현로,60,11,2026,4,18,116600,11.66
서울 관악구,봉천동,관악드림(동아),2003,성현로,60,10,2026,5,20,116500,11.65
서울 관악구,봉천동,관악드림(동아),2003,성현로,60,10,2026,5,16,117800,11.78
서울 관악구,봉천동,관악드림(삼성),2003,성현로,60,19,2026,5,16,115500,11.55
서울 관악구,봉천동,관악드림(동아),2003,성현로,60,5,2026,5,16,111000,11.1
서울 관악구,봉천동,관악드림(동아),2003,성현로,60,16,2026,5,12,115000,11.5
서울 관악구,봉천동,관악푸르지오,2004,관악로30길,59.58,10,2026,7,17,119950,11.99
서울 관악구,봉천동,관악드림(동아),2003,성현로,60,5,2026,7,3,115500,11.55
서울 관악구,신림동,힐스테이트뉴포레,2022,조원로,59.9882,14,2026,8,20,135000,13.5
서울 관악구,봉천동,봉천동아,2000,관악로,59.76,12,2026,8,7,112500,11.25
서울 서초구,우면동,호반써밋서초파크뷰(토지임대부아파트),2013,양재대로2길,59.99,14,2026,7,15,137000,13.7
서울 서초구,우면동,호반써밋서초파크뷰(토지임대부아파트),2013,양재대로2길,59.99,4,2026,7,25,146000,14.6
서울 강남구,논현동,쌍용,1996,도산대로50길,59.91,9,2026,7,25,138500,13.85
서울 송파구,오금동,상아2차아파트,1988,오금로,60,7,2026,1,13,150000,15.0
서울 송파구,오금동,상아2차아파트,1988,오금로,60,9,2026,1,15,132000,13.2
서울 송파구,오금동,상아2차아파트,1988,오금로,60,11,2026,1,8,145000,14.5
서울 송파구,풍납동,동아한가람1,1995,한가람로,59.98,15,2026,6,26,129500,12.95
서울 송파구,풍납동,현대리버빌2지구,1999,풍성로24길,59.4,12,2026,7,25,134000,13.4
서울 송파구,풍납동,신성노바빌아파트,2000,한가람로,59.78,10,2026,7,17,130000,13.0
서울 송파구,거여동,거여5단지,1997,양산로4길,59.74,12,2026,7,29,134500,13.45
서울 송파구,방이동,올림픽베어스타운1,1996,위례성대로,59.37,20,2026,7,25,134500,13.45
서울 송파구,마천동,마천동금호타운1,1998,마천로57길,59.93,3,2026,7,15,123000,12.3
서울 강동구,암사동,선사현대아파트,2000,상암로,59.64,21,2026,7,10,150000,15.0
서울 강동구,둔촌동,신성둔촌미소지움1,1998,명일로,59.78,14,2026,7,31,140000,14.0
서울 강동구,강일동,강동리버스트8단지,2021,아리수로93나길,59.97,10,2026,7,30,120000,12.0
서울 강동구,길동,이편한세상강동에코포레,2020,천중로,59.97,8,2026,7,28,145000,14.5
서울 강동구,강일동,강일리버파크3단지,2009,아리수로93길,59.83,7,2026,7,23,122500,12.25
서울 강동구,성내동,성내동삼성아파트,1999,풍성로,59.88,12,2026,7,23,145000,14.5
서울 강동구,강일동,강일리버파크3단지,2009,아리수로93길,59.87,10,2026,7,23,124000,12.4
서울 강동구,둔촌동,신성둔촌미소지움1,1998,명일로,59.78,16,2026,7,22,140000,14.0
서울 강동구,둔촌동,신성둔촌미소지움1,1998,명일로,59.78,17,2026,7,21,136000,13.6
서울 강동구,성내동,성내동삼성아파트,1999,풍성로,59.88,3,2026,7,15,140000,14.0
서울 강동구,강일동,강동리버스트8단지,2021,아리수로93나길,59.55,12,2026,7,16,126000,12.6
서울 강동구,둔촌동,둔촌하이츠,1998,명일로,59.79,16,2026,8,5,124000,12.4
서울 강동구,강일동,강동리버스트4단지,2020,아리수로93가길,59.99,4,2026,8,5,116000,11.6
서울 강동구,둔촌동,신동아파밀리에,2002,양재대로96길,59.4,2,2026,8,1,130500,13.05
경기 수원시 장안구,정자동,화서역파크푸르지오,2021,대평로,59.78,14,2026,8,16,127000,12.7
경기 수원시 장안구,정자동,화서역파크푸르지오,2021,대평로,59.78,29,2026,8,1,120000,12.0
경기 수원시 영통구,원천동,광교호반베르디움,2014,광교호수공원로,59.9306,20,2026,7,31,110000,11.0
경기 수원시 영통구,원천동,광교호반베르디움,2014,광교호수공원로,59.9306,12,2026,7,30,114500,11.45
경기 수원시 영통구,원천동,광교호반베르디움,2014,광교호수공원로,59.9306,27,2026,7,29,114500,11.45
경기 수원시 영통구,원천동,광교호반베르디움,2014,광교호수공원로,59.9718,31,2026,7,28,118000,11.8
경기 수원시 영통구,원천동,광교호반베르디움,2014,광교호수공원로,59.9306,4,2026,7,25,111000,11.1
경기 수원시 영통구,원천동,광교호반베르디움,2014,광교호수공원로,59.9306,18,2026,7,21,112500,11.25
경기 수원시 영통구,원천동,광교호반베르디움,2014,광교호수공원로,59.9831,22,2026,8,7,119000,11.9
경기 성남시 수정구,신흥동,산성역자이푸르지오1단지,2024,수정로,59.97,2,2026,7,27,130000,13.0
경기 성남시 수정구,신흥동,산성역자이푸르지오1단지,2024,수정로,59.98,27,2026,7,25,133000,13.3
경기 성남시 수정구,신흥동,산성역포레스티아,2020,수정로,59.84,23,2026,7,23,146000,14.6
경기 성남시 수정구,신흥동,산성역자이푸르지오1단지,2024,수정로,59.97,12,2026,8,18,134500,13.45
경기 성남시 수정구,신흥동,산성역포레스티아,2020,수정로,59.84,18,2026,8,8,149000,14.9
경기 성남시 수정구,신흥동,산성역포레스티아,2020,수정로,59.84,8,2026,8,8,145000,14.5
경기 성남시 수정구,신흥동,산성역자이푸르지오1단지,2024,수정로,59.97,1,2026,8,1,126500,12.65
경기 성남시 중원구,여수동,산들마을2단지,2015,여수울로,59.94,9,2026,7,29,118000,11.8
경기 성남시 중원구,중앙동,롯데캐슬,2012,희망로,59.94,16,2026,7,28,115500,11.55
경기 성남시 중원구,금광동,e편한세상금빛그랑메종1단지,2023,금광로,59.98,12,2026,7,28,122000,12.2
경기 성남시 중원구,중앙동,신흥역하늘채랜더스원1단지,2022,광명로,59.88,2,2026,7,27,128500,12.85
경기 성남시 중원구,금광동,e편한세상금빛그랑메종3단지,2023,금광로,59.98,18,2026,7,22,110500,11.05
경기 성남시 중원구,금광동,e편한세상금빛그랑메종1단지,2023,금광로,59.95,18,2026,7,18,125000,12.5
경기 성남시 중원구,금광동,e편한세상금빛그랑메종1단지,2023,금광로,59.98,17,2026,8,8,131000,13.1
경기 성남시 중원구,금광동,e편한세상금빛그랑메종3단지,2023,금광로,59.95,3,2026,8,8,111500,11.15
경기 성남시 중원구,여수동,산들마을2단지,2015,여수울로,59.94,4,2026,8,5,116000,11.6
경기 성남시 분당구,야탑동,매화마을공무원2,1995,장미로,58.71,10,2026,7,22,110000,11.0
경기 성남시 분당구,서현동,효자촌(임광),1992,불정로,59.73,4,2026,7,22,148000,14.8
경기 성남시 분당구,판교동,판교원마을6단지(판교대광로제비앙),2009,판교원로,58.14,15,2026,7,18,148000,14.8
경기 성남시 분당구,야탑동,매화마을공무원2,1995,장미로,58.71,7,2026,8,19,115000,11.5
경기 성남시 분당구,야탑동,매화마을공무원2,1995,장미로,58.71,15,2026,8,14,112500,11.25
경기 성남시 분당구,야탑동,매화마을공무원2,1995,장미로,58.71,12,2026,8,11,111700,11.17
경기 성남시 분당구,구미동,무지개(12단지)(주공),1995,미금로22번길,58.14,8,2026,8,7,118000,11.8
경기 안양시 동안구,평촌동,향촌마을현대5차,1993,귀인로,59.76,3,2026,7,29,111500,11.15
경기 안양시 동안구,평촌동,인덕원대우,2001,학의로,60,14,2026,7,26,110000,11.0
경기 안양시 동안구,평촌동,인덕원대우,2001,학의로,60,17,2026,7,22,111700,11.17
경기 안양시 동안구,관양동,인덕원마을(삼성),1998,안양판교로,59.8,14,2026,7,17,118000,11.8
경기 안양시 동안구,호계동,평촌트리지아,2024,귀인로98번길,59.99,7,2026,8,6,110500,11.05
경기 하남시,망월동,미사강변루나리움,2015,아리수로,59.88,10,2026,7,20,115000,11.5
경기 하남시,신장동,하남호반써밋에듀파크,2021,하남유니온로,59.6114,8,2026,7,31,112000,11.2
경기 하남시,풍산동,미사강변동일하이빌,2018,미사강변서로,59.93,15,2026,7,31,110000,11.0
경기 하남시,덕풍동,더샵하남에디피스,2024,하남대로,59.98,2,2026,7,22,121900,12.19
경기 하남시,망월동,미사강변스타힐스아파트,2016,미사강변대로,59.79,5,2026,7,21,115000,11.5
경기 하남시,망월동,미사강변루나리움,2015,아리수로,59.84,26,2026,7,19,118000,11.8
경기 하남시,망월동,미사강변효성해링턴플레이스엔에이치에프,2017,미사강변한강로,59.83,22,2026,8,15,115000,11.5
경기 하남시,풍산동,미사강변동일하이빌,2018,미사강변서로,59.93,25,2026,8,14,114500,11.45
경기 하남시,신장동,하남호반써밋에듀파크,2021,하남유니온로,59.6114,17,2026,8,11,112000,11.2
경기 하남시,풍산동,미사강변브라운스톤엔에이치에프,2018,미사강변동로,59.98,6,2026,8,8,114500,11.45
경기 하남시,신장동,하남호반써밋에듀파크,2021,하남유니온로,59.6114,5,2026,8,8,114000,11.4
경기 용인시 수지구,동천동,동천센트럴자이,2019,고기로45번길,59.8732,21,2026,7,29,118000,11.8
경기 용인시 수지구,풍덕천동,신정마을주공1,2000,풍덕천로,59.34,16,2026,7,24,123000,12.3
경기 용인시 수지구,풍덕천동,수지파크푸르지오,2019,풍덕천로171번길,59.7939,7,2026,7,22,122500,12.25
경기 용인시 수지구,풍덕천동,한성,1995,문정로,59.54,1,2026,8,17,115500,11.55
경기 용인시 수지구,풍덕천동,한성,1995,문정로,59.54,5,2026,8,15,121500,12.15
경기 용인시 수지구,풍덕천동,한성,1995,문정로,59.54,10,2026,8,15,124500,12.45
경기 용인시 수지구,풍덕천동,신정마을주공1,2000,풍덕천로,59.39,3,2026,8,7,129000,12.9
경기 용인시 수지구,상현동,광교자이더클래스,2012,광교마을로,59.902,22,2026,8,7,146000,14.6
경기 용인시 수지구,풍덕천동,현대성우8차,1999,풍덕천로,59.99,10,2026,8,6,116000,11.6
경기 용인시 수지구,풍덕천동,현대성우8차,1999,풍덕천로,59.99,6,2026,8,3,115000,11.5
